"smiles","AR"
"C(=C/c1nn[nH]n1)\c1ccccc1","3"
"C=CC(=O)Nc1cccc(CN2C(=O)N(c3c(Cl)c(OC)cc(OC)c3Cl)Cc3cnc(NCCCCN(CC)CC)nc32)c1","39.81"
"C=CCOc1cc(-c2cccc3c(=O)cc(N4CCOCC4)oc23)ccc1NC(=O)CN1CCOCC1","83.18"
"CC","150"
"CC#C[C@@H](CC(=O)O)c1ccc(OCc2cccc(-c3ccc(C(F)(F)F)cc3)c2)cc1","15.49"
"CC#C[C@]1(O)CC[C@H]2[C@@H]3CCC4=CC(=O)CCC4=C3[C@@H](c3ccc(N(C)C)cc3)C[C@@]21C","26.92"
"CC(=O)CC(c1ccccc1)c1c(O)c2ccccc2oc1=O","3"
"CC(=O)C[C@@H](c1ccccc1)c1c(O)c2ccccc2oc1=O","3"
"CC(=O)C[C@H](c1ccccc1)c1c(O)c2ccccc2oc1=O","3.47"
"CC(=O)N1N=C(c2ccc(Br)cc2)CC1c1ccc(C)cc1","30.9"
"CC(=O)N[C@@H](CCN)C(=O)N[C@H](C(=O)N[C@@H](CCN)C(=O)N[C@H]1CCNC(=O)[C@H]([C@@H](C)O)NC(=O)[C@H](CCN)NC(=O)[C@H](CCN)NC(=O)[C@H](CC(C)C)NC(=O)[C@@H](Cc2ccccc2)NC(=O)[C@H](CCN)NC1=O)[C@@H](C)O","3"
"CC(=O)Nc1ccc2c(c1)c(-c1cc(NC3CC3)n3ncc(C#N)c3n1)cn2CCCO","12.3"
"CC(=O)Nc1ccc2ccn(-c3cc(NC4COC4)n4ncc(C#N)c4n3)c2c1","21.88"
"CC(=O)Nc1ccc2ccn(-c3cc(Nc4ccn(C)n4)n4ncc(C#N)c4n3)c2c1","42.66"
"CC(=O)Nc1nc(CCc2ccc(NC(=N)N)cc2)cs1","12.88"
"CC(=O)[C@@]1(O)CC[C@H]2[C@@H]3CCC4=CC(=O)CCC4=C3[C@@H](c3ccc(N(C)C)cc3)C[C@@]21C","150"
"CC(=O)c1cc2ccc(O)cc2oc1=O","150"
"CC(=O)c1cn(Cc2ccccc2)c(=O)n(Cc2ccc(F)cc2)c1=O","150"
"CC(=O)c1ncccc1NC(=O)[C@H]1CC[C@H](N2C(=O)[C@H]3[C@H]4CC[C@H](C4)[C@H]3C2=O)CC1","150"
"CC(C(=O)OC1CC[N+](C)(C)CC1)(c1ccccc1)N1CCC(F)(F)CC1","38"
"CC(C(=O)O[C@@H]1CC[N+](C)(C)C1)(c1ccccc1)C1CCCC1","119"
"CC(C)(C(=O)O)c1ccc(C(O)CCCN2CCC(C(O)(c3ccccc3)c3ccccc3)CC2)cc1","3"
"CC(C)(C)NC(=O)NCCN1CC(NC(=O)c2cc(Cl)cc(Cl)c2)C1","3.31"
"CC(C)(C)NC(=O)NCCN1CCC(CO)(CNC(=O)c2cc(Cl)cc(Cl)c2)CC1","7.08"
"CC(C)(C)NC(=O)NCCN1CCN(CC(=O)NC23CC4CC(CC(C4)C2)C3)CC1","33.88"
"CC(C)(C)NC(=O)c1ccc(Oc2cc(F)c(CC(=O)O)cc2Cl)c(NS(=O)(=O)c2ccc(C3CC3)cc2Cl)c1","6"
"CC(C)(C)NCC(O)c1ccc(O)c(CO)c1","12"
"CC(C)(C)NS(=O)(=O)c1cncc(-c2ccc3nc(N)nn3c2)c1","20"
"CC(C)(C)S(=O)(=O)N[C@H]1CC[C@H](C(=O)Nc2ccc(C(F)(F)F)cn2)CC1","5.75"
"CC(C)(C)c1ccc2c(c1)CC[C@H]2NC(=O)Nc1cccc2[nH]ncc12","20.42"
"CC(C)(C)c1csc(N2CCN(C(=O)[C@@H]3CCCC[C@H]3C(=O)NC3(C#N)CC3)CC2)n1","150"
"CC(C)(CCCCCOCCc1ccccc1)NCCc1ccc(O)c2nc(O)sc12","93.03"
"CC(C)(CO)Nc1nc(SCc2cccc(F)c2F)nc2nc(N)sc12","5.88"
"CC(C)(Cc1cccc(CC(=O)NCc2cccc(-c3ccc(O)cc3)c2)c1)NC[C@H](O)c1ccc(O)c(NS(C)(=O)=O)c1","37"
"CC(C)(N)C(=O)N[C@H](COCc1ccc(F)cc1F)C(=O)N1CCC2=NN(CC(F)(F)F)C(=O)[C@]2(Cc2ccccn2)C1","15.49"
"CC(C)(N)C(=O)N[C@H](COCc1ccccc1)C(=O)N1CCC2(CC1)CN(S(C)(=O)=O)c1ccccc12","14.45"
"CC(C)(O)c1ccc(Nc2nc3ccc(C#N)cc3[nH]2)cc1","4.79"
"CC(C)=CCC[N+]12CCC(CC1)[C@@H](OC(=O)[C@](C)(c1ccccc1)N1CCCCC1)C2","101"
"CC(C)C(=O)Nc1nc(-c2ccccn2)cc2ccccc12","61.66"
"CC(C)CCOc1ccc(N)cc1","150"
"CC(C)CNc1nc(N2CCN(CC3CCCOC3)CC2)ncc1C(=O)NCc1ccccc1","89.13"
"CC(C)COc1cc(-c2cccc3c(=O)cc(N4CCOCC4)oc23)ccc1NC(=O)CN1CCOCC1","150"
"CC(C)C[C@H](CO)Nc1nc(SCc2ccccc2)nc2[nH]c(=O)sc12","13.49"
"CC(C)C[C@H](CO)Nc1nc(SCc2ccccc2)nc2nc(N)sc12","20.42"
"CC(C)C[C@H](CO)Nc1nc(S[C@@H](C)c2ccccc2F)nc2nc(N)sc12","30.9"
"CC(C)C[C@H](N)C(=O)NC[C@H](O)C[C@@H](N)CC(=O)NN(C)CC(=O)O","3"
"CC(C)N(CCCNC(=O)Nc1ccc(C(C)(C)C)cc1)C[C@H]1O[C@@H](n2ccc3c(N)ncnc32)[C@H](O)[C@@H]1O","33.88"
"CC(C)N(CCCNC(=O)Nc1ccc(C(C)(C)C)cc1)C[C@H]1O[C@@H](n2cnc3c(N)ncnc32)[C@H](O)[C@@H]1O","26.92"
"CC(C)N(CCNCCc1ccc(O)c2[nH]c(=O)sc12)C(=O)CCOCCc1ccccc1","99"
"CC(C)N1CCC(N(C(=O)Cc2ccccc2)c2ccc(Cl)cc2)CC1","28.18"
"CC(C)NCC(O)COc1ccc(COCCOC(C)C)cc1","25.12"
"CC(C)NC[C@@H](C(=O)N1CCN(c2ncnc3c2[C@H](C)C[C@H]3O)CC1)c1ccc(Cl)cc1","3"
"CC(C)Nc1nc(NCc2ccccc2)c2sccc2n1","144.54"
"CC(C)OC(=O)C(C)(C)Oc1ccc(C(=O)c2ccc(Cl)cc2)cc1","54"
"CC(C)Oc1cc(-c2cccc3c(=O)cc(N4CCOCC4)oc23)ccc1NC(=O)CN1CCOCC1","87.1"
"CC(C)Oc1ccc2c(=O)c(-c3ccccc3)coc2c1","109.65"
"CC(C)S(=O)(=O)c1ccc(-c2cnc(N)c(C(=O)Nc3ccccc3)n2)cc1","20.89"
"CC(C)[C@H](C(=O)Nc1nccs1)c1ccc(Cl)cc1","12.02"
"CC(C)[C@H]1C(=O)N[C@H](CO)Cc2ccccc2N1C","144.54"
"CC(C)c1cc(C(=O)N2Cc3ccc(CN4CCN(C)CC4)cc3C2)c(O)cc1O","23.44"
"CC(C)c1ccc(NC(=O)Cn2cnc3c2c(=O)n(C)c(=O)n3C)cc1","16.6"
"CC(C)c1ccc(NC(=O)NCCCSC[C@H]2O[C@@H](n3cnc4c(N)ncnc43)[C@H](O)[C@@H]2O)cc1","109.65"
"CC(C)c1ccc(Sc2cnc(O)c(C(=O)NCc3ccccc3)c2)cc1","30.9"
"CC(C)c1ccccc1Cc1cc(C(=O)Nc2ccc(S(=O)(=O)c3ccccc3C(C)(C)C)cc2)c(O)c(O)c1O","3"
"CC(C)c1nc2ccc(-c3ccc(F)cc3)cc2c(=O)n1C[C@H]1CCCN(C(C)C)C1","29.51"
"CC(C)c1nc2ccccc2n1-c1nc(N2CCOCC2)c2nc(OC3CN(C4CCS(=O)(=O)CC4)C3)n(C)c2n1","10"
"CC(C)c1nnc2ccc(-c3ocnc3-c3cc(F)ccc3F)cn12","3"
"CC(C)n1c(/C=C/C(O)CC(O)CC(=O)O)c(-c2ccc(F)cc2)c2ccccc21","3"
"CC(CCc1cccc(OCc2ccc3ccccc3n2)c1)CC(=O)O","104.71"
"CC(NC(=O)c1cc(O)nc2ccccc12)c1ccccc1","5.25"
"CC(c1cc2ccccc2s1)N(O)C(N)=O","7.76"
"CC/C(=C(\c1ccccc1)c1ccc(/C=C/C(=O)O)cc1)c1ccccc1","107.15"
"CC1(C)C(=O)Nc2ccccc21","3"
"CC1(C)CCC(c2ccc(Cl)cc2)=C(CN2CCN(c3ccc(C(=O)NS(=O)(=O)c4ccc(N[C@H](CCN5CCOCC5)CSc5ccccc5)c(S(=O)(=O)C(F)(F)F)c4)cc3)CC2)C1","9.77"
"CC1(C)S[C@@H]2[C@H](NC(=O)C(C(=O)O)c3ccccc3)C(=O)N2[C@H]1C(=O)O","3.39"
"CC1(C)S[C@@H]2[C@H](NC(=O)[C@H](N)c3ccc(O)cc3)C(=O)N2[C@H]1C(=O)O","3"
"CC1(C)[C@@H]2CC[C@@]1(CS(=O)(=O)N1CCN(c3ccc(C#N)cn3)CC1)C(=O)C2","150"
"CC1(C)[C@@H]2CC[C@@]1(CS(=O)(=O)N1CCN(c3ccc(C(F)(F)F)cn3)CC1)C(=O)C2","141"
"CC1(C)[C@H](C(=O)O)N2C(=O)C[C@H]2S1(=O)=O","3"
"CC1(COc2cc(-c3cccc4c(=O)cc(N5CCOCC5)oc34)ccc2NC(=O)CN2CCOCC2)COC1","95.5"
"CC1=C(C(=O)O)N2C(=O)[C@@H](NC(=O)[C@H](N)c3ccc(O)cc3)[C@H]2SC1","3"
"CC1=C(C)C(=O)C(C(CCCCCC(=O)O)c2ccccc2)=C(C)C1=O","85"
"CC1CCC2C(C)C(=O)OC3OC4(C)CCC1C32OO4","18.2"
"CC1CN(S(=O)(=O)c2ccccc2)CCN1Cc1cc(Cl)ccc1OCC(=O)O","7"
"CC1CNC(Nc2c(Cl)cccc2Cl)=N1","3"
"CC1N=C(N)N=C(N)N1c1ccc(Cl)cc1","3"
"CC1Sc2c(C(=O)O)c(=O)c3cc(F)c(N4CCNCC4)cc3n21","3"
"CCC(=C(c1ccc(O)cc1)c1ccc(OCCN(C)C)cc1)c1ccccc1","56.23"
"CCC(=O)NC(c1cccs1)c1cc(Cl)c2cccnc2c1O","150"
"CCC(C)(C)C(=O)O[C@H]1C[C@@H](C)C=C2C=C[C@H](C)[C@H](CC[C@@H](O)C[C@@H](O)CC(=O)O)[C@H]21","46.28"
"CCC(C)(C)C[C@H](c1ccc(C(=O)O)c(Oc2cccc(Cl)c2)c1)N1CCC[C@H](n2cc(C)c(=O)[nH]c2=O)C1","117.49"
"CCC(C)(CC)C[C@H](c1ccc(C(=O)O)c(Oc2cccc(Br)c2)c1)N1CCC[C@H](n2cc(C)c(=O)[nH]c2=O)C1","69.18"
"CCC(C)NC(=O)c1c(C)nn(-c2ccccc2)c1NS(=O)(=O)c1ccc(C)cc1","17.32"
"CCC(CC)C[C@H](c1ccc(C(=O)O)c(Oc2cccc(Cl)c2)c1)N1CCC[C@H](n2cc(C)c(=O)[nH]c2=O)C1","36.31"
"CCC(CC)NC(=O)c1c(C)nn(C(C)C)c1NS(=O)(=O)c1ccc(C)cc1","59.87"
"CCC(CC)NC(=O)c1cn(-c2ccccc2)nc1NS(=O)(=O)c1ccc(C)cc1","7"
"CCC(CC)NC(=O)c1cnn(-c2ccccc2)c1NS(=O)(=O)C1CCCC1","5.29"
"CCC(CC)NC(=O)c1cnn(-c2ccccc2)c1NS(=O)(=O)c1ccc(-c2cnco2)cc1","52"
"CCC(CC)NC(=O)c1cnn(-c2ccccc2)c1NS(=O)(=O)c1ccc(C)cc1","47.91"
"CCC(CC)NC(=O)c1cnn(-c2ccccc2Cl)c1NS(=O)(=O)c1ccc(C)cc1","56"
"CCC(CC)NC(=O)c1cnn(-c2ccccn2)c1NS(=O)(=O)c1ccc(C)cc1","9.95"
"CCC(CC)NC(=O)c1cnn(C)c1NS(=O)(=O)c1ccc(C)cc1","27"
"CCC(CC)NC(=O)c1cnn(Cc2ccccc2)c1NS(=O)(=O)c1ccc(C)cc1","12"
"CCC(CC)NC(=O)c1nnn(-c2ccccc2)c1NS(=O)(=O)c1ccc(C)cc1","56"
"CCC(CC)n1nc(C)c(C(=O)N[C@@H](C)C(C)(C)C)c1NS(=O)(=O)c1ccc(C)cc1","15"
"CCC(NC(=O)Nc1cc(Cl)ccc1Cl)(C(F)(F)F)C(F)(F)F","22.91"
"CCC1(C2=NCCN2)Cc2ccccc2O1","3"
"CCC1(CCC(C)C)C(=O)N=C(O)NC1=O","11.75"
"CCC1=C(C)CN(C(=O)NCCc2ccc(S(=O)(=O)NC(=O)N[C@H]3CC[C@H](C)CC3)cc2)C1=O","23.2"
"CCCC(=O)Nc1ccc(Cl)c(-c2nc3ncccc3o2)c1","81"
"CCCC(=O)Nc1ccc(OCC(O)CNC(C)C)c(C(C)=O)c1","6.92"
"CCCC(C)(C)C[C@H](c1ccc(C(=O)O)c(Oc2cccc(Cl)c2)c1)N1CCC[C@H](n2cc(C)c(=O)[nH]c2=O)C1","52.48"
"CCCCC(=O)N(Cc1ccc(-c2ccccc2-c2nnn[nH]2)cc1)[C@H](C(=O)O)C(C)C","3"
"CCCCC1C(=O)N(c2ccccc2)N(c2ccccc2)C1=O","8.71"
"CCCCCCCC(=O)N[C@@H](C)C(=O)N[C@H](C(=O)N[C@@H](CCN)C(=O)N[C@H]1CCNC(=O)[C@H]([C@@H](C)O)NC(=O)[C@H](CCN)NC(=O)[C@H](CCN)NC(=O)[C@H](CC(C)C)NC(=O)[C@@H](Cc2ccccc2)NC(=O)[C@H](CCN)NC1=O)[C@@H](C)O","3"
"CCCCCCCC(=O)N[C@@H](CCN)C(=O)N[C@@H](C)C(=O)N[C@@H](CCN)C(=O)N[C@H]1CCNC(=O)[C@H]([C@@H](C)O)NC(=O)[C@H](CCN)NC(=O)[C@H](CCN)NC(=O)[C@H](CC(C)C)NC(=O)[C@@H](Cc2ccccc2)NC(=O)[C@H](CCN)NC1=O","3"
"CCCCCCCC(=O)N[C@@H](CCN)C(=O)N[C@H](C(=O)N[C@@H](C)C(=O)N[C@H]1CCNC(=O)[C@H]([C@@H](C)O)NC(=O)[C@H](CCN)NC(=O)[C@H](CCN)NC(=O)[C@H](CC(C)C)NC(=O)[C@@H](Cc2ccccc2)NC(=O)[C@H](CCN)NC1=O)[C@@H](C)O","3"
"CCCCCCCC(=O)N[C@@H](CCN)C(=O)N[C@H](C(=O)N[C@@H](CCN)C(=O)N[C@H]1CCNC(=O)[C@H](C)NC(=O)[C@H](CCN)NC(=O)[C@H](CCN)NC(=O)[C@H](CC(C)C)NC(=O)[C@@H](Cc2ccccc2)NC(=O)[C@H](CCN)NC1=O)[C@@H](C)O","3"
"CCCCCCCC(=O)N[C@@H](CCN)C(=O)N[C@H](C(=O)N[C@@H](CCN)C(=O)N[C@H]1CCNC(=O)[C@H]([C@@H](C)O)NC(=O)[C@H](C)NC(=O)[C@H](CCN)NC(=O)[C@H](CC(C)C)NC(=O)[C@@H](Cc2ccccc2)NC(=O)[C@H](CCN)NC1=O)[C@@H](C)O","3"
"CCCCC[C@H](c1ccc(C(=O)O)c(Oc2cccc(Br)c2)c1)N1CCC[C@H](n2cc(C)c(=O)[nH]c2=O)C1","30.2"
"CCCCN(CCNC[C@H](O)c1ccc(O)c2[nH]c(=O)sc12)C(=O)CCOCCc1ccccc1","150"
"CCCCNC(=O)c1ccc(Oc2ccc(CC(=O)O)cc2OC)c(NS(=O)(=O)c2ccc(Cl)cc2Cl)c1","3"
"CCCCNc1cc(C(=O)O)cc(S(N)(=O)=O)c1Oc1ccccc1","144.54"
"CCCCOc1nc(N)c2[nH]c(=O)n(Cc3cccc(CC(=O)O)c3)c2n1","3"
"CCCCc1oc2ccccc2c1C(=O)c1cc(I)c(OCCN(CC)CC)c(I)c1","11"
"CCCCn1c(SCC(=O)Nc2cc(C)on2)nnc1-c1ccco1","150"
"CCCN(CCNCCc1ccc(O)c2[nH]c(=O)sc12)C(=O)CCOCCc1ccccc1","107"
"CCCN1CCCC[C@H]1C(=O)Nc1c(C)cccc1C","15.49"
"CCCNCC(O)COc1ccccc1C(=O)CCc1ccccc1","38.02"
"CCCS(=O)(=O)N1N=Cc2cc(Cl)ccc2B1O","3"
"CCCS(=O)(=O)Nc1ccc(F)c(C(=O)c2c[nH]c3ncc(-c4ccc(Cl)cc4)cc23)c1F","6.61"
"CCCSc1c(C(=O)NC2CCCCC2)cnn1-c1cccc(C(=O)O)c1","16.98"
"CCC[C@@H](CNC(=O)c1nc(Cl)c(N)nc1N)[N+](C)(C)CCCc1ccc(OC)cc1","23.99"
"CCC[C@H](CO)Nc1nc(S[C@@H](C)c2cccc(C#N)c2)nc2[nH]c(=O)sc12","22.39"
"CCC[C@H]1CN(Cc2cc(Cl)ccc2OCC(=O)O)CCN1S(=O)(=O)c1ccccc1","10"
"CCCc1nc2c(C)cc(-c3nc4ccccc4n3C)cc2n1Cc1ccc(-c2ccccc2C(=O)O)cc1","3.98"
"CCN(C(=O)Cc1ccc(S(C)(=O)=O)cc1)C1CCN(CC[C@H](c2ccc(S(C)(=O)=O)cc2)c2cc(F)cc(F)c2)CC1","5.79"
"CCN(C(=O)c1ccc(-c2ccc(Cl)cc2)o1)c1ccc(N2CCNCC2)cc1","3"
"CCN(CC)CCN1C(=O)C(O)(c2ccccc2Cl)c2c1cc(C(N)=O)cc2C(F)(F)F","15.14"
"CCN(CC)CCNc1ncnc2c1sc1nc(N3CCOCC3)c3c(c12)CCCC3","26.3"
"CCN(CC)CCn1c2ccccc2c2cnc(N)c(C#N)c21","77"
"CCN(CC)Cc1cc(Nc2ccnc3cc(Cl)ccc23)ccc1O","32.36"
"CCN(CC)S(=O)(=O)c1ccc(-c2nnc(SCC(=O)N3CCc4ccccc43)o2)cc1","150"
"CCN(CC)c1ccc2cc(C(C)=O)c(=O)oc2c1","150"
"CCN(CCNCCc1ccc(O)c2[nH]c(=O)sc12)C(=O)CCOCCc1ccccc1","135"
"CCN1CCN(C(=O)N[C@@H](C(=O)N[C@@H]2C(=O)N3C(C(=O)O)=C(CSc4nnnn4C)CS[C@H]23)c2ccc(O)cc2)C(=O)C1=O","3"
"CCNC(=O)C[C@H]1N=C(c2ccc(Cl)cc2)c2cc(OC)ccc2-n2c(C)nnc21","6.31"
"CCNC(=O)c1ccc(C)c(-n2cnc3ccc(N4CCN(C)CC4)cc3c2=O)c1","3"
"CCNC(=O)c1cnc(N2CCN(C3CCN(Cc4ccc(Cl)cc4F)CC3)[C@@H](CC)C2)c(Cl)c1","38"
"CCO/N=C/c1ccc(OCCC2CCN(c3ccc(C)nn3)CC2)cc1","26"
"CCOC(=O)C1=C(C)NC(C)=C(C(=O)OC)C1c1cccc([N+](=O)[O-])c1","75"
"CCOC(=O)C1=C(C)NC2=C(C(=O)CC(C)(C)C2)C1c1ccc(-c2ccccc2)cc1","117.49"
"CCOC(=O)CN(c1ccccc1C)S(=O)(=O)c1ccc(Cl)cc1","150"
"CCOC(=O)c1c(-c2ccccc2)nc2cc(C)ccn12","147.91"
"CCOC(=O)c1c(-c2ccccc2)nc2ccc(C)cn12","125.89"
"CCOC(=O)c1c(C)n(Cc2ccco2)c2ccc(O)cc12","150"
"CCOC(=O)c1ccc(OCCC2CCN(c3ccc(C)nn3)CC2)cc1","150"
"CCOC(=O)c1cnc2c(N)cccc2c1O","150"
"CCOc1cc(-c2cccc3c(=O)cc(N4CCOCC4)oc23)ccc1NC(=O)CN1CCOCC1","51.29"
"CCOc1cc(CC(=O)N[C@@H](CC(C)C)c2ccccc2N2CCCCC2)ccc1C(=O)O","29.51"
"CCOc1cc(Nc2nc3c(cc2F)ncn3[C@@H](CO)c2ccc(F)cn2)n[nH]1","30.2"
"CCOc1cc2ncc(C(N)=O)c(Nc3ccc(C)cc3F)c2cc1N1CCN(C)CC1","12"
"CCOc1ccc(-c2ccc(Cn3c(CC(C)(C)C(=O)O)c(SC(C)(C)C)c4cc(OCc5ccc(C)cn5)ccc43)cc2)cn1","6.92"
"CCOc1ccc(-n2c([C@@H](C)N(CC3CCN(C)CC3)C(=O)Cc3ccc(F)c(C(F)(F)F)c3)nc3ncccc3c2=O)cc1","19.95"
"CCOc1ccc(-n2c([C@@H](C)N(Cc3cccnc3)C(=O)Cc3ccc(C(F)(F)F)cc3)nc3ccccc3c2=O)cc1","43.36"
"CCOc1ccc(-n2c([C@@H](C)N(Cc3cccnc3)C(=O)Cc3ccc(OC(F)(F)F)cc3)nc3ncccc3c2=O)cc1","20"
"CCOc1ccc(CCNCCCSCCNC[C@H](O)c2ccc(O)c3[nH]c(=O)sc23)cc1","8"
"CCOc1ccc(NC(=O)CCc2c(C)nc3nc(C)nn3c2C)cc1","4.17"
"CCOc1ccc(NC(C)=O)cc1","26.92"
"CCOc1ccc2nc3ccc(=O)cc-3oc2c1","150"
"CCOc1ccc2oc(C(=O)NC(CCSC)c3nc4ccccc4[nH]3)c(C)c2c1","27"
"CCOc1ccc2oc(C(=O)NC(CCSC)c3nc4cnccc4[nH]3)c(C)c2c1","21"
"CCOc1ccc2oc(C(=O)NC(CCSC)c3nc4ncccc4[nH]3)c(C)c2c1","46"
"CCOc1nc2ccc(OCCC3CCN(c4ccc(C)nn4)CC3)cc2o1","4"
"CCOc1nc2cccc(C(=O)O)c2n1Cc1ccc(-c2ccccc2-c2nnn[nH]2)cc1","3"
"CCS(=O)(=O)CCCC12CCC(c3nnc(-c4ccccc4C(F)(F)F)n3C)(CC1)CC2","3"
"CCS(=O)(=O)Nc1cccc2c1c(Oc1ccc(Cl)cc1)c(C)n2CC(=O)O","3"
"CCS(=O)(=O)c1ccc(Oc2c(C)n(CC(=O)O)c3ccc(C(F)(F)F)cc23)cc1","3"
"CCS(=O)(=O)c1ccc2[nH]c(-c3cccc(-c4ccccc4)c3)nc2c1","24.55"
"CC[C@@H](Nc1c(Nc2cccc(C(=O)N(C)C)c2O)c(=O)c1=O)c1ccc(C)o1","75.93"
"CC[C@@H](Nc1c(Nc2cccc(C(=O)N(C)C)c2O)c(=O)c1=O)c1ccccc1","65"
"CC[C@@]1(O)C(=O)OCc2c1cc1n(c2=O)Cc2cc3c(CN(C)C)c(O)ccc3nc2-1","3.24"
"CC[C@H](CO)Nc1nc(NCc2ccccc2)c2ncn(C(C)C)c2n1","107.15"
"CC[C@H](CO)Nc1nc(SCc2cccc(F)c2F)nc2nc(N)sc12","5.16"
"CC[C@H](CO)Nc1nc(SCc2ccccc2)nc2[nH]c(=O)sc12","10"
"CC[C@H](N)C(=O)N[C@H](C#N)Cc1ccc(-c2ccccc2)cc1","91"
"CC[C@H]1CN(Cc2cc(Cl)ccc2OCC(=O)O)CCN1S(=O)(=O)c1ccccc1","4"
"CCc1[nH]c2nc(Sc3cnc4ccc[n+]([O-])c4c3)nc(N3CC[C@@H](N)C3)c2c1Cl","112.2"
"CCc1[nH]c2nc(Sc3cnc4ccc[n+]([O-])c4c3)nc(N3C[C@H]4[C@H](N)[C@H]4C3)c2c1Cl","58.88"
"CCc1c(C(=O)C(N)=O)c2c(OCC(=O)OC)cccc2n1Cc1ccccc1","50.12"
"CCc1c(C)nc(SCC(=O)Nc2nc(-c3ccc(OC)cc3)cs2)nc1O","66.07"
"CCc1c2c(nc3ccc(O)cc13)-c1cc3c(c(=O)n1C2)COC(=O)[C@]3(O)CC","23.99"
"CCc1c2c(nc3ccc(OC(=O)N4CCC(N5CCCCC5)CC4)cc13)-c1cc3c(c(=O)n1C2)COC(=O)[C@]3(O)CC","3"
"CCc1cc2c(cc1N1CCC(N3CCOCC3)CC1)C(C)(C)c1[nH]c3cc(C#N)ccc3c1C2=O","5.01"
"CCc1cccc2c1N(C)Cc1cc3c(cc1-2)OCO3","150"
"CCc1cccc2c3c([nH]c12)C(CC)(CC(=O)O)OCC3","12.88"
"CCc1cnn2c(NCc3ccc[n+]([O-])c3)cc(N3CCCC[C@H]3CCO)nc12","150"
"CCc1nc2ccc(C(=O)NCc3ccc4c(c3)OCO4)cn2c1N(C)Cc1cccs1","150"
"CCn1c(C)c(C(=O)O)c(-c2cccc(N3CCN(c4ccc(NS(=O)(=O)c5ccc(N[C@H](CCN6CCC(O)CC6)CSc6ccccc6)c(S(=O)(=O)C(F)(F)F)c5)cc4)CC3)c2)c1-c1ccc(Cl)cc1","17.38"
"CCn1c(SCC(=O)Nc2cc(C)on2)nnc1-c1ccccc1","150"
"CCn1c(SCC(=O)Nc2cc(C)on2)nnc1-c1cccnc1","75.86"
"CCn1c(SCC(=O)Nc2cccc(C)c2)nnc1-c1ccccc1","150"
"CCn1cc(C(=O)O)c(=O)c2ccc(C)nc21","3.46"
"CCn1nc(C)c(C(=O)N[C@@H](C)C(C)(C)C)c1NS(=O)(=O)c1ccc(C)cc1","5.5"
"CN(C)C(C)(C(=O)OC1CC[N+](C)(C)CC1)c1ccccc1","16"
"CN(C)CCC(c1ccc(Cl)cc1)c1ccccn1","23"
"CN(C)CCNc1cc(-c2ccc(N3CCN(C)CC3)cc2)nc2ccccc12","3"
"CN(C)CCNc1cc(-c2ccccc2)nc2cc(-c3ccc(F)cc3)nn12","23.99"
"CN(C)CCOc1cc(NS(=O)(=O)c2c(Cl)cc(C(F)(F)F)cc2Cl)ccc1Cl","12.88"
"CN(C)CC[C@H](CSc1ccccc1)Nc1ccc(S(=O)(=O)NC(=O)c2ccc(N3CCN(Cc4ccccc4-c4ccc(Cl)cc4)CC3)cc2)cc1[N+](=O)[O-]","9.55"
"CN(C)N(C)C(=O)[C@@]1(Cc2ccccc2)CCCN(C(=O)[C@@H](Cc2c[nH]c3ccccc23)NC(=O)C(C)(C)N)C1","8.91"
"CN(C)c1nc(NC[C@H]2CC[C@H](CNS(=O)(=O)c3ccc(Br)cc3OC(F)(F)F)CC2)nc2ccccc12","50.12"
"CN(CC(=O)N(Cc1ccc(C2CCCCC2)cc1)c1ccc(C(=O)O)c(O)c1)S(=O)(=O)c1c(F)c(F)c(F)c(F)c1F","74.13"
"CN(CC(=O)O)NC(=O)C[C@H](N)C[C@@H](O)CN","3"
"CN(CCCOCCOCCc1ccccc1)CCc1ccc(O)c2nc(O)sc12","150"
"CN(CCNCCc1ccc(O)c2nc(O)sc12)C(=O)CCOCCc1ccccc1","140"
"CN(CCNC[C@H](O)c1ccc(O)c2[nH]c(=O)sc12)C(=O)CCOCCc1ccccc1","43"
"CN(CCc1ccc(O)c2nc(O)sc12)CCN(C)C(=O)CCOCCc1ccccc1","150"
"CN(c1ccnc(Nc2cc(N3CCOCC3)cc(N3CCOCC3)c2)n1)c1cccc2[nH]ncc12","51.29"
"CN1C(=O)CN=C(c2ccccc2)c2cc(Cl)ccc21","6.17"
"CN1C(=O)CN=C(c2ccccc2F)c2cc([N+](=O)[O-])ccc21","5.01"
"CN1CCC(Oc2cccc3ncnc(Nc4ccc(OCc5ccccn5)c(Cl)c4)c23)CC1","11"
"CN1CCC[C@H]1CCN1CCCc2cc(NC(=N)c3cccs3)ccc21","40.74"
"CN1CCN(CC(=O)N2c3ccccc3C(=O)Nc3cccnc32)CC1","6.76"
"CN1CCN(CCOc2n[nH]c3ncnc(Nc4ccc(OCc5ccccn5)c(Cl)c4)c23)CC1","13.49"
"CN1CCN(c2ccc(-c3cnc4cccc(-c5cc(F)c(CN6CCOCC6)c(F)c5)c4n3)cc2)CC1","14.45"
"CNC(=C[N+](=O)[O-])NCCSCc1ccc(CN(C)C)o1","3"
"CNC(=O)Cc1ccc2c(=O)cc(-c3cccnc3)[nH]c2c1","3"
"CNC(=O)Nc1nc2ccc(-c3cncc(S(=O)(=O)NC(C)(C)C)c3)cn2n1","3"
"CNC(=O)c1c(F)cccc1Nc1nc(Nc2cc3c(cc2OC)CCN3C(=O)CN(C)C)nc2[nH]ccc12","21.88"
"CNC(=O)c1ccc(C)c(-n2c(C)cc(OCc3ccc(F)cc3F)c(Br)c2=O)c1","3"
"CNC(=O)c1ccccc1Nc1nc(Nc2ccc(N3CCOCC3)cc2OC)ncc1Cl","16.22"
"CNC(=O)c1cnn(-c2ccccc2)c1NS(=O)(=O)c1ccc(C)cc1","64"
"CNC(=O)c1nc(-c2ccc(Cl)c(S(=O)(=O)Nc3cccc(F)c3F)c2)cnc1N","19.95"
"CNC1=Nc2ccc(Cl)cc2C(c2ccccc2)=[N+]([O-])C1","3.89"
"CNCCC=C1c2ccccc2CCc2ccccc21","144"
"CNCC[C@@H](Oc1cc(Cl)ccc1C#N)c1ccccc1","150"
"CNCC[C@@H](Oc1cc(OC)ccc1C#N)c1ccccc1","142"
"CNCc1ccc(-c2[nH]c3cc(F)cc4c3c2CCNC4=O)cc1","12.02"
"CNS(=O)(=O)Cc1ccc2[nH]cc(CCN(C)C)c2c1","8"
"CN[C@@H](C)C(=O)N[C@H](C(=O)N1CC[C@H]2CCN(CCc3ccccc3)C[C@H]21)C1CCCCC1","10.47"
"CN[C@@H](C)C(=O)N[C@H](C(=O)N1CC[C@H]2CC[C@H](NC(=O)c3cccc4ccccc34)[C@H]21)C(C)(C)C","12.02"
"CN[C@@H](C)C(=O)N[C@H](C(=O)N[C@H]1C[C@@H]2CC[C@H]1N(CCc1ccccc1)C2)C1CCCCC1","19.95"
"CN[C@@H](C)C(=O)N[C@H]1CN(C(=O)CC(C)C)CC[C@H]2CC[C@@H](C(=O)NC(c3ccccc3)c3ccccc3)N2C1=O","16.98"
"CNc1nc(C)c(-c2nc(Nc3cccc(N4CCCCC4)c3)ncc2C#N)s1","150"
"CNc1nc(C)c(-c2nc(Nc3cccc(N4CCCN(C(C)=O)CC4)c3)ncc2C#N)s1","150"
"CNc1nc(C)c(-c2nc(Nc3cccc(N4CCCNCC4)c3)ncc2C#N)s1","19.5"
"CNc1nc(C)c(-c2nc(Nc3cccc(N4CCNCC4)c3)ncc2C#N)s1","12.3"
"CNc1ncnc2c(CNc3cc(NC(=O)c4ccc5c(c4)OCCO5)ccc3C)cccc12","41.69"
"COC(=O)C1=C(C)NC(C)=C(C(=O)OCCN(C)Cc2ccccc2)C1c1cccc([N+](=O)[O-])c1","150"
"COC(=O)C1=C(C)NC2=C(C(=O)CC(C)(C)C2)C1c1ccc(-c2ccc(C(F)(F)F)cc2)cc1","12.3"
"COC(=O)[C@H](c1ccccc1Cl)N1CCc2sccc2C1","137"
"COC(=O)c1ccc(C)c(NS(=O)(=O)c2ccc3c(c2)c(=O)sn3C)c1","150"
"COC1=CC(c2cc3ccccc3[nH]2)=N/C1=C\c1[nH]c(C)cc1C","22.39"
"COCC(C)n1nc(C)c(C(=O)N[C@@H](C)C(C)(C)C)c1NS(=O)(=O)c1ccc(C)cc1","3"
"COCC1=C(C(=O)O)N2C(=O)[C@@H](NC(=O)/C(=N\OC)c3csc(N)n3)[C@H]2SC1","3"
"COCC1=C(C(=O)OC(C)OC(=O)OC(C)C)N2C(=O)[C@@H](NC(=O)/C(=N\OC)c3csc(N)n3)[C@H]2SC1","114.82"
"COCCC(C)n1nc(C)c(C(=O)N[C@@H](C)C(C)(C)C)c1NS(=O)(=O)c1ccc(C)cc1","9.9"
"COCCN(C)c1ccc(Nc2ncc3cc(-c4ccncc4)ccc3n2)cc1","40.74"
"COCCNc1nc(NCc2ccccc2F)c2sccc2n1","147.91"
"COCCOc1cc(-c2cccc3c(=O)cc(N4CCOCC4)oc23)ccc1NC(=O)CN1CCOCC1","43.65"
"COCCOc1nc(N)c2[nH]c(=O)n(Cc3cccc(CC(=O)OC)c3)c2n1","125"
"COCc1ccoc1C(=O)N(c1ccc(OC)cc1OC)C(C(=O)NC[C@@H](C)O)c1ccccc1F","34.5"
"CO[C@H]1/C=C/O[C@@]2(C)Oc3c(C)c(O)c4c(O)c(cc(O)c4c3C2=O)NC(=O)/C(C)=C\C=C\[C@H](C)[C@H](O)[C@@H](C)[C@@H](O)[C@@H](C)[C@H](OC(C)=O)[C@@H]1C","3"
"CO[C@H]1CC[C@]2(CC1)Cc1ccc(-c3cc(Cl)cc(C#N)c3)cc1C21N=C(C)C(N)=N1","12.59"
"CO[C@H]1CC[C@]2(CC1)Cc1ccc(OCC(C)C)cc1C21N=C(C)C(N)=N1","7.24"
"CO[C@H]1C[C@@H]2CC[C@@H](C)[C@@](O)(O2)C(=O)C(=O)N2CCCC[C@H]2C(=O)O[C@H]([C@H](C)C[C@@H]2CC[C@@H](OC(=O)C(C)(CO)CO)[C@H](OC)C2)CC(=O)[C@H](C)/C=C(\C)[C@@H](O)[C@@H](OC)C(=O)[C@H](C)C[C@H](C)/C=C/C=C/C=C/1C","150"
"COc1c(C)c2c(c(O)c1C/C=C(\C)CCC(=O)O)C(=O)OC2","14.79"
"COc1c(Nc2ccc(S(C)(=O)=O)nc2C)ncnc1OC1CCN(C(=O)OC(C)C)CC1","6.31"
"COc1c2occc2cc2ccc(=O)oc12","52"
"COc1cc(-c2ccc(Nc3ccccc3C(=O)O)c(OC)c2)ccc1Nc1ccccc1C(=O)O","31.62"
"COc1cc(-c2cccc3c(=O)cc(N4CCOCC4)oc23)ccc1NC(=O)CN1CCOCC1","27.54"
"COc1cc(-n2cnc3cc(-c4ccc(Cl)cc4)sc3c2=O)ccc1OC[C@H](OP(=O)(O)O)C1CC1","12.3"
"COc1cc(C(=O)OCCCCNC(=N)N)cc(OC)c1O","138.04"
"COc1cc(C(CO)CO)ccc1Nc1ncc(Cl)c(-c2cnc3ccccn23)n1","19.95"
"COc1cc(C2CCN(C(C)=O)CC2)ccc1Nc1ncc(Cl)c(-c2cnc3ccccn23)n1","23.99"
"COc1cc(N2CC3CNCC(C2)O3)ccc1Nc1ncc(Cl)c(-c2cnc3ccccn23)n1","13.8"
"COc1cc(N2CCN(C(=O)CO)CC2)ccc1Nc1ncc(Cl)c(-c2cnc3ccccn23)n1","12.3"
"COc1cc(N2CCN(C(=O)[C@@H](C)O)CC2)ccc1Nc1ncc(Cl)c(-c2cnc3ccccn23)n1","12.59"
"COc1cc(NC(=O)Nc2cccc(CNC(=O)O[C@H]3CCOC3)c2)ccc1-c1cnco1","13"
"COc1cc(NC(=O)c2ccccn2)ccc1Cl","150"
"COc1cc(Nc2nc3c(cc2F)ncn3[C@@H](CO)c2ccc(F)cn2)n[nH]1","27.54"
"COc1cc(O)c(C(CC(=O)N2CC(C)CC(C)C2)c2ccc3c(c2)OCO3)c(OC)c1","150"
"COc1cc2c(Nc3ccc(F)c(Cl)c3)c(C(N)=O)cnc2cc1OCCN(C)CCO","12.59"
"COc1cc2c(ccc(=O)n2CCN2CCC(NCc3cc4c(cn3)OCCO4)CC2)cn1","35.48"
"COc1cc2cc(-c3ccc(O)cc3O)nc(C)c2cc1OC","150"
"COc1cc2ncnc(Nc3cc4ccccc4cn3)c2cc1OC","3"
"COc1cc2nnc(C(N)=O)c(Nc3ccc(F)cc3F)c2cc1N1CCN(C)CC1","16"
"COc1ccc(-c2ccc3c(N4CCOC[C@@H]4C)nc(N4CCOC[C@@H]4C)nc3n2)cc1C(=O)N(C)C","4.27"
"COc1ccc(-c2ccc3c(N4CCOC[C@@H]4C)nc(N4CCOC[C@@H]4C)nc3n2)cc1C(C)O","38.02"
"COc1ccc(-c2nc(O)c3ccccc3n2)cc1","150"
"COc1ccc(-c2nc3c(NCCCN(C)C(=O)C4CCC4)c(Br)cnc3[nH]2)cc1","138.04"
"COc1ccc(/C=C2\NC(=O)NC2=O)cc1","39.81"
"COc1ccc(C#Cc2ccc([C@@H]3[C@H](CO)N4CCCCN(C(=O)Nc5cccc(F)c5)C[C@@H]34)cc2)cc1","18.2"
"COc1ccc(C(=O)NCc2cn(-c3cc(C)nc4ccc(OC)cc34)nn2)cc1","13.8"
"COc1ccc(C2CC(c3ccc(Br)cc3)=NN2C(C)=O)cc1","16.6"
"COc1ccc(CC(=O)NC(N/C(=N/C#N)Nc2ccccc2C)C(C)(C)C)cc1OC","26"
"COc1ccc(CC(=O)Nc2nc3ccccc3[nH]2)cc1","12.88"
"COc1ccc(CC(C)(C)NC[C@H](O)c2cc(O)cc3c2OCC(=O)N3)cc1","14"
"COc1ccc(CCN2C(=O)N(NS(C)(=O)=O)C[C@@H]2c2ccc(OC)cc2)cc1","19.05"
"COc1ccc(CCN2C(=O)N(NS(C)(=O)=O)C[C@H]2c2ccc(OC)cc2)cc1","21.88"
"COc1ccc(CCO[C@@H]2CCCC[C@H]2N2CC[C@@H](O)C2)cc1OC","6.46"
"COc1ccc(CNC(=O)Nc2ncc([N+](=O)[O-])s2)cc1","91"
"COc1ccc(CNCc2cccc(CCNC[C@H](O)c3ccc(O)c4[nH]c(=O)sc34)c2)cc1","13"
"COc1ccc(COc2nc(Br)cnc2NS(=O)(=O)c2ccc(C)cc2)cc1OCCN(C)C","31"
"COc1ccc(C[C@@H](C)NC[C@H](O)c2ccc(O)c(NC=O)c2)cc1","3.91"
"COc1ccc(Cc2c(N)n[nH]c2N)cc1","3.63"
"COc1ccc(Cl)cc1C(=O)NCCc1ccc(S(=O)(=O)NC(=O)NC2CCCCC2)cc1","14.45"
"COc1ccc(N(C(=O)Oc2c(C)cccc2C)c2ccnc(Nc3ccc(N4CCN(C)CC4)cc3)n2)c(OC)c1","35.48"
"COc1ccc(N(C(=O)c2ccccc2)C(C(=O)NC2CCCC2)c2ccccc2F)c(OC)c1","150"
"COc1ccc(N(C(=O)c2ccccc2)C(C(=O)NC[C@@H](C)O)c2ccccc2F)c(OC)c1","150"
"COc1ccc(N(C(=O)c2ccco2)C(C(=O)NC2CCCC2)c2ccccc2F)c(OC)c1","150"
"COc1ccc(N(C(=O)c2ccoc2Cl)C(C(=O)NC[C@@H](C)O)c2ccccc2F)c(OC)c1","33"
"COc1ccc(N(C(=O)c2occc2C)C(C(=O)NC[C@@H](C)O)c2ccccc2F)c(OC)c1","87"
"COc1ccc(N(C(=O)c2occc2CO)C(C(=O)NC[C@@H](C)O)c2ccccc2F)c(OC)c1","8"
"COc1ccc(N(C(=O)c2occc2Cl)C(C(=O)NC[C@@H](C)O)c2ccccc2F)c(OC)c1","59"
"COc1ccc(N(C(C)=O)C(C(=O)NC2CCCC2)c2ccccc2F)c(OC)c1","150"
"COc1ccc(N2CCN(C(=O)[C@@H]3CCCC[C@H]3C(=O)NC3(C#N)CC3)[C@H](C)C2)cc1OC","3"
"COc1ccc(NC(=O)CCc2c(C)nc3nc(C)nn3c2C)cc1","3.09"
"COc1ccc(OC)c(C(O)CN)c1","3"
"COc1ccc(OC)c(C(O)CNC(=O)CN)c1","3"
"COc1ccc([C@]2(C#N)CC[C@@H](C(=O)O)CC2)cc1OC1CCCC1","28"
"COc1ccc2c(Oc3ccc(CC(=O)Nc4cn(C)nc4C)c(OC)c3)ccnc2c1","23.44"
"COc1ccc2nc(C)cc(-n3cc(CN4CCN(C(C)=O)CC4)nn3)c2c1","5.13"
"COc1ccc2nc(C)cc(-n3cc(CNC(C)=O)nn3)c2c1","6.76"
"COc1ccc2nc(C)cc(N3CC(CNC(=O)C4CC4)OC3=O)c2c1","19.5"
"COc1ccc2nc(C)cc(OCC(=O)NCc3ccccc3)c2c1","120.23"
"COc1ccc2nc(C)cc(OCC(=O)Nc3ccccc3OC)c2c1","150"
"COc1ccc2nc(NC(=O)CCc3ccc(OC)c(OC)c3)sc2c1","150"
"COc1ccc2ncc(=O)n(CCN3CCC(NCc4cc5c(cn4)OCCO5)CC3)c2c1","150"
"COc1ccc2ncc(C#N)c(CCN3CCC(NCc4cc5c(cn4)OCS5)CC3)c2c1","72.44"
"COc1ccc2ncc(F)c(CCN3CCC(NCc4cc5c(cn4)OCCO5)CC3)c2n1","138.04"
"COc1ccc2ncc(F)c(CCN3CCC(NCc4ccc5c(n4)NC(=O)CO5)CC3)c2n1","39.81"
"COc1cccc(CNc2nc(NC(C)C)nc3ccsc23)c1OC","150"
"COc1cccc(NC(=O)c2cccc(Cc3c(C)nn(CCO)c3-c3ccccc3)c2)c1","150"
"COc1cccc(Nc2nc(NCC3CCCO3)c3ccccc3n2)c1","150"
"COc1cccc2sc(NC(=O)c3ccccc3)nc12","16"
"COc1ccccc1-c1csc(-n2ncc(C#N)c2N)n1","54.95"
"COc1ccccc1C(=O)/C=C/c1ccccc1C(F)(F)F","150"
"COc1ccccc1C(=O)Nc1ccc(Cc2ccncc2)cc1","103.2"
"COc1ccccc1CCNCc1ccc(CCNC[C@H](O)c2ccc(O)c3[nH]c(=O)sc23)cc1","29"
"COc1ccccc1CCNCc1cccc(CCNC[C@H](O)c2ccc(O)c3[nH]c(=O)sc23)c1","29"
"COc1ccccc1CN(C)Cc1cccc(CCNC[C@H](O)c2ccc(O)c3[nH]c(=O)sc23)c1","33"
"COc1ccccc1CN1C(=O)c2ccccc2C1C(=O)NC1CCC(C)CC1","150"
"COc1ccccc1OCCNCC(O)COc1cccc2[nH]c3ccccc3c12","26.3"
"COc1ccccc1Oc1c(NS(=O)(=O)c2ccc(C(C)(C)C)cc2)nc(-c2ncccn2)nc1OCCO","4.79"
"COc1ccccc1SC[C@@H](C)CN[C@@H]1COc2ccccc2SC1","51.29"
"COc1ccnc(CCc2nc3c(C)ccnc3[nH]2)c1","3"
"COc1ccnc(CCc2nc3cccnc3[nH]2)c1","18.89"
"COc1ccnc(CSc2nc3ccccc3[nH]2)c1","150"
"COc1ccncc1-c1ccccc1CN(C(=O)c1ccc(-c2ccc(C#N)cc2)o1)c1ccc(N2CCNCC2)cc1","25.7"
"COc1cnc(-c2ccccn2)nc1N(C)c1ccccc1","150"
"COc1nc(Br)cnc1NS(=O)(=O)c1ccc(Cl)s1","3"
"COc1nc(C)nc(Cl)c1NC1=NCCN1","3"
"COc1nc(N)nc2c1ncn2[C@@H]1O[C@H](CO)[C@@H](O)[C@H]1O","10.47"
"COc1nc2ccc(Br)cc2cc1[C@@H](c1ccccc1)[C@@](O)(CCN(C)C)c1cccc2ccccc12","14.13"
"COc1ncccc1-c1cccc2c(N)c3c(nc12)CN(C1CCC1)C3=O","4.88"
"CS(=O)(=O)C1(c2cc(N3CCOCC3)nc(-c3cccc4[nH]ncc34)n2)CC1","3"
"CS(=O)(=O)CCNCc1ccc(-c2ccc3ncnc(Nc4ccc(OCc5cccc(F)c5)c(Cl)c4)c3c2)o1","91.2"
"CS(=O)(=O)N1CCN(Cc2cc3nc(-c4cccc5[nH]ncc45)nc(N4CCOCC4)c3s2)CC1","33.11"
"CS(=O)(=O)N1CC[C@H](N(Cc2ccccc2Cl)c2ccc(C#N)c(Cl)c2)C1","72.44"
"CS(=O)(=O)NC(=O)CCCc1c(-c2ccc(F)cc2)[nH]c2ccc(C#N)cc12","14.3"
"CS(=O)(=O)Nc1ccc(CCOCCCS(=O)(=O)CCNCCc2ccc(O)c3nc(O)sc23)cc1","105"
"CS(=O)(=O)c1ccc(-c2cnc(N)c(-c3ccc(C(F)(F)F)nc3)c2)cc1","4.79"
"CS(=O)(=O)c1ccc(-c2cnc(N)c(C(=O)Nc3ccccc3)n2)cc1","19.05"
"CS(=O)(=O)c1ccc([C@@H](CC2CCCC2)C(=O)Nc2nccs2)cc1","20.89"
"CS(=O)(=O)c1ccc([C@@H](O)[C@@H](CF)NC(=O)C(Cl)Cl)cc1","69.18"
"CS(=O)(=O)c1ccc([C@H](CC2CCCC2)C(=O)Nc2nccs2)cc1","35.48"
"CS(=O)(=O)c1ccc2nc(N3CCN(C(=O)[C@@H]4CCCC[C@H]4C(=O)NC4(C#N)CC4)CC3)sc2c1","3"
"CSCCC(NC(=O)c1ccccc1)c1nc2ccccc2n1Cc1ccc(C#N)cc1","150"
"CSCCC(NC(=O)c1cnccn1)c1nc2ccccc2[nH]1","74"
"CSCCC(NC(=O)c1sccc1Cl)c1nc2ccccc2[nH]1","150"
"CSc1c(C(=O)NC2C3CC4CC(C3)CC2C4)cnn1-c1ccc(C(=O)O)cc1","12.3"
"CSc1ccc(N2C(N)=NC(N)=NC2(C)C)cc1","70.79"
"CSc1ccc2c(c1)N(CCC1CCCCN1C)c1ccccc1S2","114"
"C[C@@H](C(=O)NCCN1CCCC1)c1ccc(OS(=O)(=O)C(F)(F)F)cc1","6"
"C[C@@H](C(=O)NS(C)(=O)=O)c1ccc(OS(=O)(=O)C(F)(F)F)cc1","3"
"C[C@@H](C(=O)O)c1cccc(C(=O)c2ccccc2)c1","21.3"
"C[C@@H](C(N)=O)c1ccc(OS(=O)(=O)C(F)(F)F)cc1","3"
"C[C@@H](NC(=O)C1CCNCC1)c1ccc(Nc2ncc3cc(-c4ccncc4)ccc3n2)cc1","3"
"C[C@@H](NCc1ccccc1-c1ccc(CCNC[C@H](O)c2ccc(O)c3[nH]c(=O)sc23)cc1)c1ccccc1","108"
"C[C@@H](O)[C@H]1C(=O)N2C(C(=O)O)=C(SC3CN(C4=NCCS4)C3)[C@H](C)[C@H]12","4.79"
"C[C@@H](O)[C@H]1C(=O)N2C(C(=O)OCOC(=O)C(C)(C)C)=C(SC3CN(C4=NCCS4)C3)[C@H](C)[C@H]12","150"
"C[C@@H](c1ccc(-c2ccc(F)cc2F)cc1)N1CC[C@@](CCO)(c2ccc(F)cc2)OC1=O","64.57"
"C[C@@H]1CN(Cc2cc(Cl)ccc2OCC(=O)O)CCN1S(=O)(=O)c1ccccc1","7.48"
"C[C@@H]1CN(c2ccc(F)cc2C(F)(F)F)CCN1S(=O)(=O)c1ccc(C(N)=O)cc1Cl","63.1"
"C[C@@H]1CN(c2ccc3c(n2)NC(=O)CO3)[C@H](c2ccccc2)CO1","52.48"
"C[C@@H]1CN[C@@H](C2CC2)C(=O)N(C)[C@H](C)C(=O)N[C@H](Cc2ccc(F)cc2)C(=O)NCCCc2ccccc2O1","26.92"
"C[C@@H]1C[C@H]2[C@@H]3CCC4=CC(=O)C=C[C@]4(C)[C@@]3(F)[C@@H](O)C[C@]2(C)[C@@]1(O)C(=O)CO","31"
"C[C@@H]1Cc2c([nH]c3cc(Cl)c(F)cc23)[C@]2(N1)C(=O)Nc1ccc(Cl)cc12","7.24"
"C[C@@](C(=O)OC1CC[N+](C)(C)CC1)(c1ccccc1)C1CCCC1","128"
"C[C@@](C(=O)O[C@H]1C[N+]2(CC(=O)Nc3cccc(F)c3)CCC1CC2)(c1ccccc1)N1CCCCC1","67"
"C[C@@](C(=O)O[C@H]1C[N+]2(CC(=O)Nc3ccccc3)CCC1CC2)(c1ccccc1)N1CCCCC1","64"
"C[C@@](C(=O)O[C@H]1C[N+]2(CC(=O)Nc3ccccn3)CCC1CC2)(c1ccccc1)N1CCCCC1","64"
"C[C@@](C(=O)O[C@H]1C[N+]2(CC(=O)Nc3ccncn3)CCC1CC2)(c1ccccc1)N1CCCCC1","39"
"C[C@@](C(=O)O[C@H]1C[N+]2(CCCOc3ccc(F)cc3)CCC1CC2)(c1ccccc1)N1CCCCC1","66"
"C[C@@](C(=O)O[C@H]1C[N+]2(CCCc3cc4ccccc4s3)CCC1CC2)(c1ccccc1)N1CCCCC1","65"
"C[C@@](C(=O)O[C@H]1C[N+]2(CCCc3ccc4ncsc4c3)CCC1CC2)(c1ccccc1)N1CCCCC1","66"
"C[C@@](C(=O)O[C@H]1C[N+]2(CCCc3ccncc3)CCC1CC2)(c1ccccc1)N1CCCCC1","82"
"C[C@@](C(=O)O[C@H]1C[N+]2(CCCc3cncnc3)CCC1CC2)(c1ccccc1)N1CCCCC1","66"
"C[C@@](C(=O)O[C@H]1C[N+]2(CCOCCc3ccccc3)CCC1CC2)(c1ccccc1)N1CCCCC1","77"
"C[C@@](C(=O)O[C@H]1C[N+]2(CCOc3ccc(Cl)cc3)CCC1CC2)(c1ccccc1)N1CCCCC1","60"
"C[C@@](C(=O)O[C@H]1C[N+]2(CCc3c[nH]c4ccccc34)CCC1CC2)(c1ccccc1)N1CCCCC1","53"
"C[C@@](C(=O)O[C@H]1C[N+]2(CCc3ccccc3)CCC1CC2)(c1ccccc1)N1CCCCC1","76"
"C[C@@](C(=O)O[C@H]1C[N+]2(CCc3ccccc3F)CCC1CC2)(c1ccccc1)N1CCCCC1","130"
"C[C@@](C(=O)O[C@H]1C[N+]2(Cc3cc(-c4ccccc4)on3)CCC1CC2)(c1ccccc1)N1CCCCC1","110"
"C[C@@](C(=O)O[C@H]1C[N+]2(Cc3nc(-c4ccccc4)no3)CCC1CC2)(c1ccccc1)N1CCCCC1","55"
"C[C@@](CCc1ccc(-c2ccc(Cl)cc2)cc1)(C(=O)NO)S(C)(=O)=O","3"
"C[C@@]1(C(=O)Nc2ccc(F)nc2)CCCN1c1nc(Nc2cc(C3CC3)n[nH]2)c2cccn2n1","70.79"
"C[C@H](C#Cc1ccc(Cc2ccc(F)cc2)s1)N(O)C(N)=O","3"
"C[C@H](C(=O)O)c1cccc(C(=O)c2ccccc2)c1","21"
"C[C@H](CO)Nc1nc(SCc2cccc(F)c2F)nc2[nH]ncc12","17.78"
"C[C@H](CO)n1ccc2c(NC(=O)Cc3ccc(Cl)c(C(F)(F)F)c3)cccc2c1=O","29"
"C[C@H](CS)C(=O)N1CCC[C@H]1C(=O)O","57.11"
"C[C@H](NC(=O)c1cccc2c1N(Cc1ccc(Cl)cc1)CC2)c1ccc(C(=O)O)cc1","13.18"
"C[C@H]1CN(C(=O)N[C@H](Cc2ccc(F)cc2)C(=O)N2CCC(C(=O)NC(C)(C)C)(C3CCCCC3)CC2)C[C@@H](C)N1","10.72"
"C[C@H]1CN(C(=O)[C@@H]2CN(C(C)(C)C)C[C@H]2c2ccc(F)cc2F)C[C@@H](C)[C@]1(O)c1ccccc1","25.12"
"C[C@H]1CN(Cc2cc(Cl)ccc2CCC(=O)O)CCN1C(=O)Cc1ccccc1","3"
"C[C@H]1CN(Cc2cc(Cl)ccc2OC(C)(C)C(=O)O)CCN1S(=O)(=O)c1ccccc1","17"
"C[C@H]1CN(Cc2cc(Cl)ccc2OCC(=O)O)CCN1C(=O)Cc1ccc(Cl)cc1","3"
"C[C@H]1CN(Cc2cc(Cl)ccc2OCC(=O)O)CCN1C(=O)Cc1ccc(F)cc1","3"
"C[C@H]1CN(Cc2cc(Cl)ccc2OCC(=O)O)CCN1C(=O)Cc1cccc(Cl)c1","12"
"C[C@H]1CN(Cc2cc(Cl)ccc2OCC(=O)O)CCN1C(=O)Cc1ccccc1Cl","13"
"C[C@H]1CN(Cc2cc(Cl)ccc2OCC(=O)O)CCN1S(=O)(=O)c1ccccc1","3"
"C[C@H]1CN(Cc2cc(Cl)ccc2OCC(=O)O)C[C@@H](C)N1C(=O)Cc1ccccc1","20"
"C[C@H]1CN(Cc2nnc(-c3cc(-c4cccc5[nH]ccc45)cc4[nH]ncc34)o2)C[C@@H](C)O1","54.95"
"C[C@H]1COCCN1c1nc(N2CCOC[C@@H]2C)c2ccc(-c3ccc4nc[nH]c(=O)c4c3)nc2n1","150"
"C[C@H]1COCCN1c1nc(N2CCOC[C@@H]2C)c2ccc(-c3cccc(C(=O)NCCO)c3)nc2n1","10"
"C[C@H]1COc2c(N3CCN(C)CC3)c(F)cc3c(=O)c(C(=O)O)cn1c23","3"
"C[C@H]1C[C@@H](NS(=O)(=O)c2cc(Br)ccc2Br)CN1C#N","39"
"C[C@H]1Cc2c([nH]c3cc(Cl)c(F)cc23)[C@@]2(N1)C(=O)Nc1ccc(Cl)cc12","8.71"
"C[C@]1(O)C[C@@H](c2nc(-c3ccc4ccc(-c5ccccc5)nc4c3)c3c(N)nccn32)C1","16.98"
"C[C@]12CC(=O)[C@H]3[C@@H](CCC4=CC(=O)CC[C@@]43C)[C@@H]1CC[C@]2(O)C(=O)CO","17.38"
"C[C@]12CCC3C(CC=C4C[C@@H](O)CC[C@@]43C)C1CC=C2n1cnc2ccccc21","34.67"
"C[C@]12CC[C@H]3[C@@H](CC=C4C[C@@H](O)CC[C@@]43C)[C@@H]1CC=C2c1cccnc1","54.95"
"C[C@]12CC[C@H]3[C@@H](CCC4=CC(=O)CC[C@@]43C)[C@@H]1CC[C@@H]2O","150"
"C[C@]12Cc3cnn(-c4ccc(F)cc4)c3C=C1CC[C@@]2(O)CCc1ccc(F)cc1C(N)=O","52.48"
"C[N+]1(C)CCC(OC(=O)C(O)(c2ccccc2)C2CCCC2)C1","91"
"Cc1[nH]c2ccc(-c3nnc(SCC(=O)N4CCCc5ccccc54)o3)cc2c1C","150"
"Cc1[nH]c2nc(NCc3cccc(Br)c3)nn2c(=O)c1Cc1ccccc1","3"
"Cc1c(C(=O)NC2C3CC4CC(C3)CC2C4)cnn1-c1ccc(C(=O)O)cc1","3"
"Cc1c(C(=O)Nc2ccccc2)sc2ncnc(O)c12","150"
"Cc1c(CN2CCN(C(=O)[C@H](C)O)CC2)sc2c(N3CCOCC3)nc(-c3cnc(N)nc3)nc12","3"
"Cc1c(Cl)ccc(OC2CCN(CC3CCN([C@@H](Cc4ccc(F)cc4)C(=O)O)CC3)CC2)c1Cl","13.78"
"Cc1c(Cl)cccc1S(=O)(=O)N1CCC[C@H](C(=O)NC2CCCCC2)C1","18.62"
"Cc1c(N(C)C)c(=O)n(-c2ccccc2)n1C","3.47"
"Cc1c(OC2CCN(CC3CCN([C@@H](Cc4ccc(F)cc4)C(=O)O)CC3)CC2)ccc(C#N)c1Cl","3"
"Cc1c(OC2CCN(CC3CCN([C@@](C)(Cc4ccc(F)cc4)C(=O)O)CC3)CC2)ccc(Cl)c1Cl","3"
"Cc1c(Oc2ccc(Cl)cc2)c2c(NS(C)(=O)=O)cccc2n1CC(=O)O","3"
"Cc1c(S(=O)(=O)c2ccc(Cl)cc2)c2c(NS(C)(=O)=O)cccc2n1CC(=O)O","3"
"Cc1c(Sc2ccc(Cl)cc2)c2cc(F)ccc2n1CC(=O)O","34"
"Cc1c2c(=O)n(-c3ccccc3Cl)[nH]c2cc(=O)n1Cc1ccccn1","3"
"Cc1c[nH]c(-c2cnc(NCCNc3ccc(C#N)cn3)nc2-c2ccc(Cl)cc2Cl)n1","108"
"Cc1cc(-c2ccc(Cl)c(C(=O)NCC3(O)CCCCCC3)c2)n[nH]1","57"
"Cc1cc(-c2ccc(Cl)c(C(=O)NCC3(O)CCCCCC3)c2)nn1C[C@H](O)CN","3"
"Cc1cc(C(=O)Cn2cc(C(F)(F)F)ccc2=O)c(C)n1Cc1ccccc1","150"
"Cc1cc(C)c(CNC(=O)c2cc(C3CC3)nc3c2cnn3C(C)C)c(O)n1","128.82"
"Cc1cc(C)cc(-c2nnc(SCC(=O)N3CCN(C(=O)c4ccco4)CC3)o2)c1","89.13"
"Cc1cc(C)nc(Nc2cccc(C(F)(F)F)c2)n1","36.31"
"Cc1cc(C)nc(SCC(=O)Nc2cc(C)on2)n1","141.25"
"Cc1cc(C)nc(SCC(N)=O)n1","3"
"Cc1cc(CC(=O)O)n(C)c1C(=O)c1ccc(Cl)cc1","3"
"Cc1cc(CCCOc2c(C)cc(-c3noc(C(F)(F)F)n3)cc2C)on1","13.49"
"Cc1cc(CCCOc2c(Cl)cc(C3=NCCO3)cc2Cl)on1","150"
"Cc1cc(CCC[N+]23CCC(CC2)[C@@H](OC(=O)[C@](C)(c2ccccc2)N2CCCCC2)C3)ccn1","36.08"
"Cc1cc(CN(CC(=O)Nc2ccc(Cl)cc2Cl)C2CCCCC2)ccc1OCC(=O)O","43.43"
"Cc1cc(CN2CCc3ccccc3C2C(=O)Nc2ccc(Cl)cc2Cl)ccc1OCC(=O)O","20"
"Cc1cc(CN2Cc3ccccc3C2C(=O)Nc2ccc(Cl)cc2Cl)ccc1OCC(=O)O","15"
"Cc1cc(CN2Cc3ccccc3C[C@H]2C(=O)Nc2ccc(Cl)cc2Cl)ccc1OCC(=O)O","31"
"Cc1cc(Cl)ccc1OC1CCN(CC2CCN([C@@H](Cc3ccc(F)cc3)C(=O)O)CC2)CC1","3"
"Cc1cc(F)ccc1OC1CCN(CC2CCN([C@@H](Cc3ccc(F)cc3)C(=O)O)CC2)CC1","3"
"Cc1cc(NC(=O)Nc2cccc3ccccc23)no1","95.5"
"Cc1cc(NS(=O)(=O)c2ccc(Cl)cc2)no1","8.51"
"Cc1cc(NS(=O)(=O)c2ccc(N)cc2)no1","3"
"Cc1cc(Nc2nc(N[C@@H](C)c3ccc(F)cn3)c(C#N)cc2Cl)n[nH]1","6.17"
"Cc1cc(OC2CCN(CC3CCN([C@@H](Cc4ccc(F)cc4)C(=O)O)CC3)CC2)ccc1Cl","3.87"
"Cc1cc(OC2CCN(CC3CCN([C@@](C)(Cc4ccc(F)cc4)C(=O)O)CC3)CC2)ccc1Cl","3"
"Cc1cc(OCC(=O)NCc2ccccc2)c2cc(Br)ccc2n1","51.29"
"Cc1cc(OCC(=O)Nc2ccccc2)c2cc(Br)ccc2n1","150"
"Cc1cc(Oc2cc(S(=O)(=O)N3CCC[C@H](n4cc(C)c(=O)[nH]c4=O)C3)ccc2O)ccc1Cl","20.42"
"Cc1cc2cc(C)c3nnc(SCC(=O)N4CCN(C(=O)c5ccco5)CC4)n3c2cc1C","57.54"
"Cc1ccc(-c2cc(-c3ccccc3)nn2-c2ccc(S(N)(=O)=O)cc2)cc1","13.49"
"Cc1ccc(-c2cc(C(F)(F)F)nn2-c2ccc(C(=O)O)cc2)cc1","10.72"
"Cc1ccc(-c2cc(C(F)(F)F)nn2-c2ccc(CC(=O)O)cc2)cc1","4.79"
"Cc1ccc(-c2cc(C(F)(F)F)nn2-c2ccc(S(C)(=O)=O)cc2)cc1","17.38"
"Cc1ccc(-c2cc(C(F)(F)F)nn2-c2ccc(S(N)(=O)=O)cc2)cc1","25.7"
"Cc1ccc(-c2cc(C(F)(F)F)nn2-c2ccc([S+](C)[O-])cc2)cc1","14.79"
"Cc1ccc(-c2ccc3c(ccc4sc5c(c43)NC[C@@H](C)NC5=O)n2)cn1","6.92"
"Cc1ccc(-c2cccc(-c3nn[nH]n3)c2)cc1","52.48"
"Cc1ccc(-c2cccc([S@]3(=O)=NC(=O)[C@H](C)N3)c2)cc1","19.5"
"Cc1ccc(-c2nc3ccccc3[nH]2)cc1NC(=O)c1ccc(OCc2ccccn2)cc1","10.23"
"Cc1ccc(-c2nnc(SCC(=O)N3CCN(c4ccccc4)CC3)o2)cc1","150"
"Cc1ccc(-n2c(C)cc(/C=C3\SC(=O)NC3=O)c2C)cc1","17.78"
"Cc1ccc(/C(=C\CN2CCCC2)c2ccccn2)cc1","84"
"Cc1ccc(C(=O)N2CC3CNCC(C2)O3)cc1NC(=O)CC12CC3CC(CC(C3)C1)C2","16.25"
"Cc1ccc(C(=O)NC2CC2)cc1-c1ccc(C(=O)NCC2CC2)nc1","21"
"Cc1ccc(C(NC(=O)c2ccccc2O)C(=O)Nc2c(C)cccc2C)s1","70"
"Cc1ccc(CCOCCNS(=O)(=O)CCCNCCc2ccc(O)c3nc(O)sc23)cc1","150"
"Cc1ccc(CNC(=O)C2CCCN2S(=O)(=O)c2ccc(F)cc2)cc1","150"
"Cc1ccc(CO)cc1N(C)c1ccnc(Nc2cc(N3CCOCC3)cc(N3CCOCC3)c2)n1","31.62"
"Cc1ccc(CO)cc1N(c1ccnc(Nc2cc(N3CCOCC3)cc(S(C)(=O)=O)c2)n1)C(C)C","53.7"
"Cc1ccc(C[C@@H](C(=O)O)N2CCC(CN3CCC(Oc4ccc(Cl)c(Cl)c4)CC3)CC2)cc1","3"
"Cc1ccc(F)cc1S(=O)(=O)N[C@@H]1CCN(Cc2ccc(-c3ccccc3)cc2)C1","150"
"Cc1ccc(NC(=O)[C@@H]2CCCN2S(=O)(=O)c2cccc3cccnc23)c(C)c1","150"
"Cc1ccc(NC(=O)[C@H]2CCCN2S(=O)(=O)c2cccc3cccnc23)c(C)c1","150"
"Cc1ccc(NC(=O)c2cccc(N3CCOCC3)c2)cc1-n1cnc2ccc(N3CCN(C)CC3)cc2c1=O","6"
"Cc1ccc(NC(=O)c2cccc(N3CCOCC3)c2)cc1NC(=O)c1ccc(OCc2cscn2)cc1","20"
"Cc1ccc(NC(=O)c2ccoc2)cc1-n1cnc2ccc(N3CCN(C)CC3)cc2c1=O","3"
"Cc1ccc(S(=O)(=O)N2N=Cc3ccccc3B2O)cc1","6.17"
"Cc1ccc(S(=O)(=O)Nc2c(C(=O)N(C)C3CCCCC3)c(C)nn2-c2ccccc2)cc1","21"
"Cc1ccc(S(=O)(=O)Nc2c(C(=O)N(C)C3CCCCC3)cnn2-c2ccccc2)cc1","48.44"
"Cc1ccc(S(=O)(=O)Nc2c(C(=O)NC(C)C(C)(C)C)c(C)nn2-c2ccccc2)cc1","7"
"Cc1ccc(S(=O)(=O)Nc2c(C(=O)NC(C)C)c(C)nn2-c2ccccc2)cc1","51"
"Cc1ccc(S(=O)(=O)Nc2c(C(=O)NC3CCCCC3)c(C)nn2-c2ccccc2)cc1","12"
"Cc1ccc(S(=O)(=O)Nc2c(C(=O)NC3CCCCC3)cnn2-c2ccccc2)cc1","27"
"Cc1ccc(S(=O)(=O)Nc2c(C(=O)NC3CCCCC3C)c(C)nn2-c2ccccc2)cc1","17"
"Cc1ccc(S(=O)(=O)Nc2c(C(=O)NC3CCCCC3C)cnn2-c2ccccc2)cc1","5"
"Cc1ccc(S(=O)(=O)Nc2c(C(=O)NC3CCOCC3)c(C)nn2-c2ccccc2)cc1","14"
"Cc1ccc(S(=O)(=O)Nc2c(C(=O)NCC(C)(C)C)c(C)nn2-c2ccccc2)cc1","18"
"Cc1ccc(S(=O)(=O)Nc2c(C(=O)NCc3ccccc3)cnn2-c2ccccc2)cc1","40"
"Cc1ccc(S(=O)(=O)Nc2c(C(=O)N[C@@H](C)C(C)(C)C)c(C(F)(F)F)nn2-c2ccccc2)cc1","18.84"
"Cc1ccc(S(=O)(=O)Nc2c(C(=O)N[C@@H](C)C(C)(C)C)c(C)nn2C(C)(C)C)cc1","53"
"Cc1ccc(S(=O)(=O)Nc2c(C(=O)N[C@@H](C)C(C)(C)C)c(C)nn2C2CCC2)cc1","17"
"Cc1ccc(S(=O)(=O)Nc2c(C(=O)N[C@@H](C)C(C)(C)C)c(C)nn2C2CCCC2)cc1","8"
"Cc1ccc(S(=O)(=O)Nc2c(C(=O)N[C@@H](C)C(C)(C)C)c(C)nn2C2CCCCC2)cc1","8"
"Cc1ccc(S(=O)(=O)Nc2c(C(=O)N[C@@H](C)C(C)(C)C)c(C)nn2C2CCN(C)CC2)cc1","3"
"Cc1ccc(S(=O)(=O)Nc2c(C(=O)N[C@@H](C)C(C)(C)C)c(C)nn2C2CCN(CC(F)(F)F)CC2)cc1","3"
"Cc1ccc(S(=O)(=O)Nc2c(C(=O)N[C@@H](C)C(C)(C)C)c(C)nn2C2CCOC2)cc1","3"
"Cc1ccc(S(=O)(=O)Nc2c(C(=O)N[C@@H](C)C(C)(C)C)c(C)nn2C2CCOCC2)cc1","3"
"Cc1ccc(S(=O)(=O)Nc2c(C(=O)N[C@@H](C)C(C)(C)C)c(C)nn2C2CCS(=O)(=O)CC2)cc1","4"
"Cc1ccc(S(=O)(=O)Nc2c(C(=O)N[C@@H](C)C(C)(C)C)c(C)nn2C2CCSCC2)cc1","5"
"Cc1ccc(S(=O)(=O)Nc2c(C(=O)N[C@@H](C)C(C)(C)C)c(C)nn2CC(F)(F)F)cc1","18"
"Cc1ccc(S(=O)(=O)Nc2c(C(=O)N[C@H](C)C(C)(C)C)c(C)nn2-c2ccccc2)cc1","8"
"Cc1ccc2[nH]c(C(=O)O)nc2c1","9.77"
"Cc1ccc2c(NC[C@](O)(CC(C)(C)c3cc(F)cc4c3OCC4)C(F)(F)F)cccc2n1","50.12"
"Cc1ccc2c(c1)c(Sc1ccc(S(C)(=O)=O)cc1)c(C)n2CC(=O)O","3"
"Cc1ccc2cc(C)c3nnc(SCC(=O)N4CCN(C(=O)c5ccco5)CC4)n3c2c1","87.1"
"Cc1ccc2nc(C[N+]34CCC(CC3)[C@@H](OC(=O)[C@](C)(c3ccccc3)N3CCCCC3)C4)oc2c1","150"
"Cc1cccc(-c2ccc(CNC(=O)CCCc3ccc4cccnc4n3)cc2)c1","60.26"
"Cc1cccc(CN2CCC3(CC2)CCN(C(=O)c2ccccc2)CC3)c1","10.2"
"Cc1cccc(C[C@@H](C(=O)O)N2CCC(CN3CCC(Oc4ccc(Cl)c(Cl)c4)CC3)CC2)c1","3"
"Cc1cccc(NC(=O)Nc2cccc3ccccc23)c1","91.2"
"Cc1cccc([C@H](C)c2c[nH]c(=S)[nH]2)c1C","25.7"
"Cc1cccc2c(CCNCc3cccc(CCNC[C@H](O)c4ccc(O)c5[nH]c(=O)sc45)c3)c[nH]c12","24"
"Cc1cccc2c(O)nc(-c3ccc(C(F)(F)F)cc3)nc12","45.71"
"Cc1ccccc1-c1c(C(=O)O)n(CCCOc2cccc3ccccc23)c2ccccc12","123.03"
"Cc1ccccc1/N=N/c1ccc(NC(=O)c2ccnn2C)c(C)c1","51"
"Cc1ccccc1C(OCCN(C)C)c1ccccc1","150"
"Cc1ccccc1CN1CCC(N2CCC(n3c(=O)[nH]c4ccccc43)CC2)CC1","19"
"Cc1ccccc1NC(=O)CCS(=O)(=O)c1ccc(Br)s1","150"
"Cc1ccccc1Nc1nc(N)nc(C)c1Br","150"
"Cc1cn([C@H]2CCCN(S(=O)(=O)c3ccc(O)c(Oc4cc(F)cc(Cl)c4)c3)C2)c(=O)[nH]c1=O","74.13"
"Cc1cn([C@H]2CCCN(S(=O)(=O)c3ccc(O)c(Oc4ccc(Cl)cc4)c3)C2)c(=O)[nH]c1=O","89.13"
"Cc1cn([C@H]2CCCN(S(=O)(=O)c3ccc(O)c(Oc4cccc(Br)c4)c3)C2)c(=O)[nH]c1=O","38.02"
"Cc1cn([C@H]2CCCN([C@@H](CC(C)(C)C)c3ccc(C(=O)O)c(Oc4cccc(Br)c4)c3)C2)c(=O)[nH]c1=O","3"
"Cc1cn([C@H]2CCCN([C@@H](CC(C)C)c3ccc(C(=O)O)c(Oc4cccc(Cl)c4)c3)C2)c(=O)[nH]c1=O","9.55"
"Cc1cn([C@H]2CCCN([C@H](C)c3ccc(C(=O)O)c(Oc4cccc(Cl)c4)c3)C2)c(=O)[nH]c1=O","3.39"
"Cc1cn([C@H]2CCCN([C@H](CC(C)(C)C)c3ccc(C(=O)O)c(Oc4cccc(Br)c4)c3)C2)c(=O)[nH]c1=O","48.98"
"Cc1cn([C@H]2CCCN([C@H](CC(C)C)c3ccc(C(=O)O)c(Oc4cccc(Cl)c4)c3)C2)c(=O)[nH]c1=O","9.12"
"Cc1cn([C@H]2CCCN([C@H](CC3CCCCC3)c3ccc(C(=O)O)c(Oc4cccc(Cl)c4)c3)C2)c(=O)[nH]c1=O","42.66"
"Cc1cn([C@H]2CCCN([C@H](CC3CCOCC3)c3ccc(C(=O)O)c(Oc4cccc(Cl)c4)c3)C2)c(=O)[nH]c1=O","19.05"
"Cc1cnc(C(=O)NCCc2ccc(S(=O)(=O)NC(=O)NC3CCCCC3)cc2)cn1","4.27"
"Cc1nc(C(=O)N2CCOC3(CCN(Cc4ccc(Cl)cc4)CC3)C2)cs1","47"
"Cc1nc(CSc2nc(N[C@H](C)CO)c3sc(=O)[nH]c3n2)cs1","3.3"
"Cc1nc(Nc2ncc(C(=O)Nc3c(C)cccc3Cl)s2)cc(N2CCN(CCO)CC2)n1","28.18"
"Cc1nc2ccc(-c3ccc(Cl)cc3)cc2c(=O)n1C[C@H]1CCCN(C(C)C)C1","3.8"
"Cc1nc2ccc(Oc3ccc(F)cc3)cc2c(=O)n1C[C@H]1CCCN(C(C)C)C1","10.47"
"Cc1nc2ccccn2c1-c1ccnc(N)n1","21.38"
"Cc1nc2ncnn2c(O)c1CCOC(=O)c1c(F)cccc1F","64.34"
"Cc1nc2ncnn2c(O)c1CCOC(=O)c1ccccc1F","129"
"Cc1ncc([N+](=O)[O-])n1CCO","3"
"Cc1nccn1CC1CCc2c(c3ccccc3n2C)C1=O","3"
"Cc1nccn1CCC(C(N)=O)(c1ccccc1)c1ccccc1","46"
"Cc1nn(-c2ccc(F)cc2)c(NS(=O)(=O)c2cccnc2)c1C(=O)N[C@@H](C)C(C)(C)C","12"
"Cc1nn(-c2ccccc2)c(N)c1-c1ccccc1","32.36"
"Cc1nn(-c2ccccc2)c(NS(=O)(=O)C2CCCCC2)c1C(=O)N[C@@H](C)C(C)(C)C","15"
"Cc1nn(-c2ccccc2)c(NS(=O)(=O)c2cccc(CN3CCOCC3)c2)c1C(=O)N[C@@H](C)C(C)(C)C","10"
"Cc1nn(C)c(C)c1-c1cccc2c(CCCOc3cccc4ccccc34)c(C(=O)O)[nH]c12","61.66"
"Cc1nn(C)c2ccc(N3CCN(C(=O)[C@@H]4CCCC[C@H]4C(=O)NC4(C#N)CC4)[C@H](C)C3)cc12","3"
"Cc1nn(C2CCCCC2)c(N)c1-c1ccccc1","13.8"
"Cc1nn(C2CCOCC2)c(NS(=O)(=O)c2ccc(C3CC3)cc2)c1C(=O)N[C@@H](C)C(C)(C)C","3"
"Cc1nnc2n1-c1ccc(Cl)cc1C(c1ccccc1Cl)=NC2","150"
"Cc1noc(C)c1-c1ccc(CNS(=O)(=O)c2c(C)noc2C)cc1","19.05"
"Cc1noc(NS(=O)(=O)c2ccc(N)cc2)c1C","3"
"Cc1nocc1C(=O)Nc1ccc(-c2ccccc2OC(F)(F)F)c(N)n1","74.13"
"Cc1oc(-c2ccccc2)cc1C(=O)Nc1cccc(C(=O)O)c1","66.07"
"Cc1oc(=O)oc1CN1CCN(c2cc3c(cc2F)c(=O)c(C(=O)O)c2n3C(C)S2)CC1","69.18"
"Cc1sc2c(c1C)C(c1ccc(Cl)cc1)=N[C@@H](CC(=O)OC(C)(C)C)c1nnc(C)n1-2","16.6"
"Cc1sc2ncnc(SCC(=O)N3CCN(C(=O)c4ccco4)CC3)c2c1C","102.33"
"Clc1ccc(COc2ccc(Br)cc2CN2CCOCC2)cc1","54.95"
"Clc1ccc(Cn2c(-c3nn[nH]n3)cc3ccccc32)cc1Cl","12.88"
"Clc1ccc2c(c1)CCc1cccnc1C2=C1CCNCC1","26.92"
"Clc1ccc2ncc(-c3cccc(NC4CNC4)n3)n2c1","19.05"
"Clc1cccc(-c2cnc3ccc(NC4CCOCC4)nn23)c1","14.79"
"Clc1cccc(-n2nnnc2NCc2ccccc2Oc2ccccn2)c1Cl","150"
"Cn1c(-c2ccccc2C(F)(F)F)nnc1C12CCC(c3noc(-c4ccc(F)cc4)n3)(CC1)CC2","7.94"
"Cn1c(=O)c(-c2c(Cl)cccc2Cl)cc2cnc(Nc3ccc(F)cc3)nc21","6.17"
"Cn1c(=O)c(Oc2ccc(F)cc2F)cc2cnc(NC(CCO)CCO)nc21","3"
"Cn1c(=O)c2c(ncn2C)n(C)c1=O","3"
"Cn1cc(C2=C(c3cccc(NCC(O)CO)c3)C(=O)NC2=O)c2cc(F)ccc21","41"
"Cn1cc(C2=C(c3cn(C4CCN(Cc5ccccn5)CC4)c4ccccc34)C(=O)NC2=O)c2ccccc21","6"
"Cn1cnc2c(-c3ccc(C4(N)CCC4)cc3)c(-c3ccccc3)ccc21","3.31"
"Cn1ncc(Cl)c1-c1cc(C(=O)N[C@H](CN)Cc2cccc(F)c2)sc1Cl","7.08"
"Cn1sc(=O)c2cc(S(=O)(=O)NC3CC3)ccc21","150"
"FC(F)(F)Oc1ccc(-c2nnc(CCCCc3ccc4cccnc4n3)o2)cc1Cl","24.55"
"Fc1cccc(COc2ccc(Nc3ncnc4ccc(-c5cccc(N6CCOCC6)c5)cc34)cc2Cl)c1","44.67"
"N#CC1(NC(=O)[C@@H]2CCCC[C@H]2C(=O)N2CCN(c3nc4c(s3)COCC4)CC2)CC1","3"
"N#CC1(NC(=O)[C@@H]2CCCC[C@H]2C(=O)N2CCN(c3nc4cnccc4s3)CC2)CC1","3"
"N#CC1(NC(=O)[C@@H]2CCCC[C@H]2C(=O)N2CCN(c3nccs3)CC2)CC1","36.31"
"N#CC1(NC(=O)[C@@H]2CCCC[C@H]2C(=O)N2CCc3[nH]c4ccc(F)cc4c3C2)CC1","41.41"
"N#CC1(NC(=O)[C@@H]2CCCC[C@H]2C(=O)N2CCc3[nH]c4ncccc4c3C2)CC1","3"
"N#CCC(CNc1ncc(C(F)(F)F)cc1Cl)OC(=O)c1c(F)cccc1F","150"
"N#CCNC(=O)c1ccc(-c2ccnc(Nc3ccc(N4CCOCC4)cc3)n2)cc1","5.13"
"N#C[C@]1(NC(=O)[C@@H](N)Cc2cccs2)C[C@H]1c1ccccc1","136"
"N#Cc1c(O)c2c(-c3ccc(-c4ccccc4O)cc3)csc2[nH]c1=O","52.48"
"N#Cc1cc(-c2n[nH]c(-c3ccncc3)n2)ccn1","3"
"N#Cc1ccc(-c2ccc(NC(=O)Nc3ccc(-c4ccnc5[nH]cnc45)cc3)cc2)cc1","67.61"
"N#Cc1ccc(C(=O)Nc2ccc(-n3ccnc3)nc2)cc1","20.42"
"N#Cc1ccc(C(c2ccc(C#N)cc2)n2cncn2)cc1","3"
"N#Cc1ccc(C[C@@H](C(=O)O)N2CCC(CN3CCC(Oc4ccc(Cl)c(Cl)c4)CC3)CC2)cc1","3"
"N#Cc1ccc(Cl)cc1S[C@H](CCN)c1ccccc1","150"
"N#Cc1ccc(NC(=O)Nc2ccccc2Br)c2nn[nH]c12","69"
"N#Cc1ccc2[nH]c(-c3ccc(F)cc3)c(CCCC(=O)NS(=O)(=O)C(F)(F)F)c2c1","9.8"
"N#Cc1ccc2[nH]c(-c3ccc(F)cc3)c(CCCC(=O)NS(N)(=O)=O)c2c1","19.6"
"N#Cc1ccc2c(c1)N(CCN1CCC(NCc3ccc4c(n3)NC(=O)CO4)CC1)C(=O)CO2","8.51"
"N#Cc1ccc2ccc(=O)n(CCN3CC[C@@H](NCc4ccc5c(n4)NC(=O)CO5)[C@@H](F)C3)c2c1","16.6"
"N#Cc1cccc(-c2cc(C(F)(F)F)ccc2OCC(=O)O)c1","3"
"N#Cc1cccc(-c2cc(Cl)ccc2OCC(=O)O)c1","5"
"N#Cc1cccc(-c2cccc(C(=O)O)c2)c1","8.13"
"N#Cc1cccc(NCC(=O)Nc2c(Cl)ccc3nc(N4CC[C@@H](O)C4)ccc23)c1","8"
"N#Cc1ccccc1CSc1nc(O)cc(O)n1","3"
"N#Cc1cnc(N2CCN(C(=O)[C@@H]3CCCC[C@H]3C(=O)NC3(C#N)CC3)CC2)s1","5.25"
"N=C(N)N1CCc2ccccc2C1","3.98"
"N=C(N)NC(=O)c1nc(Cl)c(N)nc1N","3"
"N=c1c(S(=O)(=O)c2ccc(Cl)cc2)cc2c(=O)n3ccccc3nc2n1C1CCCC1","35.48"
"NC(=O)COc1cc(-c2cccc3c(=O)cc(N4CCOCC4)oc23)ccc1NC(=O)CN1CCOCC1","3"
"NC(=O)c1ccc(N(C(N)=O)c2c(F)cccc2F)nc1-c1ccc(F)cc1F","3"
"NC(=O)c1ccn2c(-c3ccccc3)c(-c3ccc(C4(N)CCC4)cc3)nc2c1","3.72"
"NC1(c2ccc(-c3c(-c4ccccc4)ccc4ccnn34)cc2)CCC1","10.23"
"NC1(c2ccc(-c3c(-c4ccccc4)ccn4ncnc34)cc2)CCC1","3"
"NC1(c2ccc(-c3ncc4cccn4c3-c3ccccc3)cc2)CCC1","3"
"NC1(c2ccc(-c3ncc4cccnc4c3-c3ccccc3)cc2)CCC1","19.5"
"NC1(c2ccc(-c3ncc4cnccc4c3-c3ccccc3)cc2)CCC1","150"
"NC1=Nc2ccccc2Sc2cccc(F)c21","13.18"
"NC1=Nc2ccccc2Sc2ccccc21","7.94"
"NCCCCCc1c[nH]c2ccc(F)cc12","74.13"
"NCCCCN(Cc1nc2ccccc2[nH]1)C1CCCc2cccnc21","30.72"
"NCCCCN(Cc1nc2ccccc2[nH]1)[C@H]1CCCc2cccnc21","30.51"
"NCCc1ccc(O)c2nc(O)sc12","150"
"NS(=O)(=O)c1cc(C(=O)O)c(NCc2ccco2)cc1Cl","3"
"NS(=O)(=O)c1ccc(-n2nc(C(F)(F)F)cc2-c2ccc(C(F)(F)F)cc2)cc1","18.2"
"N[C@@H](C(=O)N[C@@H]1C(=O)N2C(C(=O)O)=C(Cl)CC[C@H]12)c1ccccc1","3"
"N[C@@H]1CCCN(c2c(/C=C3\SC(=O)NC3=O)cccc2-c2ccncc2)C1","8.91"
"N[C@@H]1CCCN(c2ccccc2/C=C2\SC(=O)NC2=O)C1","5.13"
"Nc1[nH]ncc1-c1cc(Cl)ccc1Oc1cc(F)c(S(=O)(=O)Nc2cscn2)cc1Cl","5.62"
"Nc1c(-c2ccccc2)nc(Cl)nc1-c1ccccc1","46.77"
"Nc1c(C(=O)c2cccc(OC[C@@H](O)CO)c2)cnn1-c1ccc(F)cc1","3"
"Nc1c2c(nc3ccccc13)CCCC2","13.8"
"Nc1cc(C(=O)Nc2cccc(-c3nnn[nH]3)c2)cc(C(F)(F)F)c1","23.44"
"Nc1ccc(-c2ccccc2Cl)cc1","123.03"
"Nc1ccc(OCCc2ccccc2)cc1","150"
"Nc1ccc2c(-c3ccncc3)c(-c3ccc(F)cc3)[nH]c2n1","117.49"
"Nc1ccc2c(c1)Cc1cc(N)ccc1-2","61.66"
"Nc1nc(-c2ccc(Cl)c(Cl)c2)c(-c2ccncc2)s1","19.05"
"Nc1nc2ccc(-c3ccncc3)cc2s1","29.51"
"Nc1nc2ccc(C(=O)c3ccccc3)cc2[nH]1","3"
"Nc1nc2ccc(F)cc2s1","5.75"
"Nc1ncc(-c2ccc(S(=O)(=O)N3CCCC3)cc2)nc1C(=O)Nc1cccnc1","3"
"Nc1ncc2cc(-c3c(Br)cccc3Br)c(N)nc2n1","120.23"
"Nc1ncnc2c1c(COc1cccc(Cl)c1)nn2C1CCOCC1","150"
"Nc1ncnc2c1ncn2[C@@H]1O[C@H](CO)[C@@H](O)[C@H]1O","3"
"Nc1ncnc2c1ncn2[C@@H]1O[C@H](CSCCCNC(=O)NCc2ccccc2)[C@@H](O)[C@H]1O","14.45"
"Nc1ncnc2c1ncn2[C@@H]1O[C@H](CSCCCNC(=O)Nc2ccc(Cl)cc2)[C@@H](O)[C@H]1O","93.33"
"Nc1ncnc2c1ncn2[C@@H]1O[C@H](CSCCCNC(=O)Nc2ccccc2)[C@@H](O)[C@H]1O","28.18"
"Nc1nnc(CCSCCc2nnc(NC(=O)Cc3ccccc3)s2)s1","72.44"
"O=C(C1CCCCC1)N1CC(=O)N2CCc3ccccc3C2C1","17.38"
"O=C(C1CCN(c2nnc(-n3cccc3)s2)CC1)N1CCN(Cc2ccc3c(c2)OCO3)CC1","50.12"
"O=C(C1CCN(c2nnc(-n3cccc3)s2)CC1)N1CCc2ccccc2C1","46.77"
"O=C(CC12CC3CC(CC(C3)C1)C2)Nc1cccc2c(=O)n(C(CO)CO)ccc12","19"
"O=C(CC12CC3CC(CC(C3)C1)C2)Nc1cccc2c(=O)n(C[C@H]3CCCN3)ccc12","43"
"O=C(CCCN1CCC(O)(c2ccc(Cl)cc2)CC1)c1ccc(F)cc1","14.24"
"O=C(CCCc1ccc2cccnc2n1)NCc1cc(-c2ccc(F)c(C(F)(F)F)c2)no1","19.95"
"O=C(CCOCCc1ccccc1)NCCNCCc1ccc(O)c2nc(O)sc12","71.99"
"O=C(CN1CCOCC1)Nc1ccc(-c2cccc3c(=O)cc(N4CCOCC4)oc23)cc1-c1ccccc1","123.03"
"O=C(CN1CCOCC1)Nc1ccc(-c2cccc3c(=O)cc(N4CCOCC4)oc23)cc1O","18.62"
"O=C(CN1CCOCC1)Nc1ccc(-c2cccc3c(=O)cc(N4CCOCC4)oc23)cc1OCC1CC1","95.5"
"O=C(CN1CCOCC1)Nc1ccc(-c2cccc3c(=O)cc(N4CCOCC4)oc23)cc1OCCN1CCCC1","5.5"
"O=C(CO)N1CCC(c2[nH]nc(-c3ccc(Cl)cc3F)c2-c2ccncn2)CC1","3"
"O=C(CSc1ccccc1)N1CCN(C(=O)c2ccco2)CC1","64.57"
"O=C(CSc1nc2c(c(=O)n1-c1ccccc1)SCC2)Nc1ccc(-c2ccccc2)cn1","150"
"O=C(CSc1nc2c(c(=O)n1-c1ccccc1)SCC2)Nc1ncc(-c2ccccc2)s1","128.82"
"O=C(Cc1ccc(F)c(C(F)(F)F)c1)Nc1cccc2c(=O)n([C@@H]3CNC[C@H]3O)ccc12","3"
"O=C(NC1CC1)c1cn(-c2cccc(C#Cc3cccnc3)c2)c2ncccc2c1=O","29"
"O=C(NCC1(O)CCCCCC1)c1cc(-c2ccccc2C(=O)O)ccc1Cl","12.5"
"O=C(NCC1(O)CCCCCC1)c1cc(-n2ncc(=O)[nH]c2=O)ccc1Cl","3"
"O=C(NCC12CC3CC(CC(C3)C1)C2)c1c(Cl)ccc2nc(N3CCC[C@H](NCCc4nnn[nH]4)C3)ccc12","13"
"O=C(NCC12CC3CC(CC(C3)C1)C2)c1cc(CN2CC3CNCC(C2)O3)ccc1Cl","9"
"O=C(NCC12CC3CC(CC(C3)C1)C2)c1ccnc(N2CCNCC2)c1Cl","7.2"
"O=C(NCC12CC3CC(CC(C3)C1)C2)c1ccnc(NCC2CCNCC2)c1Cl","4"
"O=C(NCC1CCCCCC1)c1cc(-c2cccnc2N2CCC(C(=O)O)CC2)ccc1Cl","15"
"O=C(NCC1CCCCN1)c1cc(OCC(F)(F)F)ccc1OCC(F)(F)F","3"
"O=C(NCCCCCCNCCc1ccc(O)c2nc(O)sc12)Nc1ccccc1","98"
"O=C(NCCc1ccccc1Cl)c1cc(-n2ncc(=O)[nH]c2=O)ccc1Cl","8"
"O=C(NC[C@@H](O)CN1CCC(Oc2ccc(Cl)c(Cl)c2)CC1)c1c[nH]c(=O)c2cc(S(=O)(=O)N3CCC3)ccc12","3"
"O=C(NCc1ccc(OC(F)(F)F)cc1)C1c2ccccc2C(=O)N1CC1CC(F)(F)C1","10"
"O=C(NCc1ccccc1)c1cc(-c2ccco2)on1","138.04"
"O=C(NCc1ccccc1)c1ccc2cccnc2c1O","22.77"
"O=C(NCc1cccnc1)c1cc(-c2ccco2)on1","150"
"O=C(NS(=O)(=O)c1ccccc1Cl)c1ccc[nH]1","3.31"
"O=C(N[C@H](CO)[C@H](O)c1ccc([N+](=O)[O-])cc1)C(Cl)Cl","69.18"
"O=C(Nc1c(Cl)cncc1Cl)c1ccc(OC(F)F)c(OCC2CC2)c1","150"
"O=C(Nc1c[nH]nc1-c1nc2ccc(CN3CCOCC3)cc2[nH]1)NC1CC1","3"
"O=C(Nc1cc(-c2ccncc2)c[nH]c1=O)[C@H](Cc1ccccc1)NC1(c2ccccn2)CC1","150"
"O=C(Nc1ccc(CCO)cc1)c1cc2cc(Cl)ccc2[nH]1","63.1"
"O=C(Nc1ccc(F)cc1)c1ccc(Cl)[n+]([O-])c1","149"
"O=C(Nc1ccc(N2CCNCC2)cc1)c1ccc(-c2ccc(Cl)cc2)o1","3"
"O=C(Nc1cccc(-c2nnn[nH]2)c1)c1cc(C(F)(F)F)cc2[nH]cnc12","17.38"
"O=C(Nc1cccc(-c2nnn[nH]2)c1)c1cc(F)cc2[nH]cnc12","67.61"
"O=C(Nc1cccc(-c2nnn[nH]2)c1)c1cc(O)cc(C(F)(F)F)c1","29.51"
"O=C(Nc1cccc(-c2nnn[nH]2)c1)c1cccc2[nH]cnc12","44.67"
"O=C(Nc1cccc(CCO)c1)c1cc2cc(Cl)ccc2[nH]1","150"
"O=C(Nc1cccc(Cl)c1)c1ccccn1","150"
"O=C(Nc1ccccc1)c1ccc2cccc(O)c2n1","139"
"O=C(Nc1ccccc1-c1ccccc1)OC1CCN(CCCCCCCCCNC[C@H](O)c2ccc(O)c3[nH]c(=O)ccc23)CC1","25.33"
"O=C(Nc1ccccc1Cl)c1cc[nH]n1","150"
"O=C(Nc1ccccc1F)NC1N=C(c2ccccc2)c2ccccc2NC1=O","16.22"
"O=C(Nc1ccccc1F)N[C@H]1N=C(c2ccccc2)c2ccccc2NC1=O","9.12"
"O=C(Nc1ccncc1)c1cccc2ccccc12","25.12"
"O=C(Nc1nc2c(=O)[nH]cnc2s1)c1ccccc1","150"
"O=C(Nc1nc2ccccc2[nH]1)c1ccccc1","150"
"O=C(Nc1nc2ccccc2n1CCCO)c1cccc([N+](=O)[O-])c1","85.11"
"O=C(Nc1nc2ccccc2n1CCN1CCOCC1)c1cccc([N+](=O)[O-])c1","150"
"O=C(Nc1ncc(F)s1)C(CC1CCOCC1)c1ccc(S(=O)(=O)C2CC2)cc1","5.5"
"O=C(O)C1(c2ccc(-c3ccc(Cl)c(Cl)c3)c(F)c2)CC1","38.9"
"O=C(O)C1CSC(c2ccccc2Cl)N1C(=O)c1ccc(Cl)cc1","15.49"
"O=C(O)CCCCCCc1ccc(Cc2ccc3ccccc3n2)cc1","150"
"O=C(O)CC[C@@H](Cc1ccc(OCc2ccccc2)cc1)NC(=O)CCCCCCc1ccccc1","17.38"
"O=C(O)CCc1nc(-c2ccccc2)c(-c2ccccc2)o1","6.46"
"O=C(O)CN1C(=O)C(=O)c2ccccc21","26.92"
"O=C(O)COc1ccc(C(=O)c2cccs2)c(Cl)c1Cl","61"
"O=C(O)COc1ccc(C(F)(F)F)cc1CN1CCN(C(=O)c2ccccc2)CC1","3"
"O=C(O)COc1ccc(C(F)(F)F)cc1CN1CCN(S(=O)(=O)c2ccccc2)CC1","3"
"O=C(O)COc1ccc(Cl)cc1CN1CCC(S(=O)(=O)c2ccccc2)CC1","3"
"O=C(O)COc1ccc(Cl)cc1CN1CCCN(S(=O)(=O)Cc2ccccc2)CC1","18"
"O=C(O)COc1ccc(Cl)cc1CN1CCCN(S(=O)(=O)c2ccccc2)CC1","5"
"O=C(O)COc1ccc(Cl)cc1CN1CCN(S(=O)(=O)c2ccc(F)cc2)CC1","3"
"O=C(O)COc1ccc(Cl)cc1CN1CCN(S(=O)(=O)c2ccccc2)CC1","3"
"O=C(O)COc1cccc(N2CCC(CN3CCC(Oc4ccc(Cl)c(Cl)c4)CC3)CC2)c1","3"
"O=C(O)COc1ccccc1N1CCC(CN2CCC(Oc3ccc(Cl)c(Cl)c3)CC2)CC1","3"
"O=C(O)Cc1ccc(N2CCC(CN3CCC(Oc4ccc(Cl)c(Cl)c4)CC3)CC2)cc1","9"
"O=C(O)Cc1cccc(N2CCC(CN3CCC(Oc4ccc(Cl)c(Cl)c4)CC3)CC2)c1","3"
"O=C(O)Cc1ccccc1N1CCC(CN2CCC(Oc3ccc(Cl)c(Cl)c3)CC2)CC1","3"
"O=C(O)[C@H](Cc1ccc(F)cc1)N1CCC(CN2CCC(Oc3ccc(Cl)cc3)CC2)CC1","3"
"O=C(O)[C@H](Cc1ccc(F)cc1)N1CCC(CN2CCC(Oc3ccc(Cl)cc3Cl)CC2)CC1","3"
"O=C(O)[C@H](Cc1ccccc1)N1CCC(CN2CCC(Oc3ccc(CO)c(Cl)c3)CC2)CC1","28"
"O=C(O)[C@H](Cc1ccccc1F)N1CCC(CN2CCC(Oc3ccc(Cl)c(Cl)c3)CC2)CC1","3"
"O=C(O)c1cc2cc(OCc3ccccc3)ccc2[nH]1","25.7"
"O=C(O)c1cc2ccccc2[nH]1","10.96"
"O=C(O)c1ccc(-c2ccc(Cl)c(C(=O)NCC34CC5CC(CC(C5)C3)C4)c2)cc1","3"
"O=C(O)c1ccc(-n2nc(C(F)(F)F)cc2-c2ccc(C(F)(F)F)cc2)cc1","9.33"
"O=C(O)c1cn(C2CC2)c2cc(N3CCNCC3)c(F)cc2c1=O","4.17"
"O=C(O)c1cncc(-c2ccc(Cl)c(C(=O)NCC34CC5CC(CC(C5)C3)C4)c2)c1","7"
"O=C([C@@H]1CCCN1)N1CCN(c2nc(NCc3ccc(Cl)cc3Cl)c3cccnc3n2)CC1","6"
"O=C([C@H]1CCCCN1)N1CCN(c2nc(NCc3ccc(Cl)cc3Cl)c3cccnc3n2)CC1","9.88"
"O=C(c1ccc(O)cc1O)N1CCCC1","150"
"O=C(c1ccc(OCCN2CCCCC2)cc1)c1c(-c2ccc(O)cc2)sc2cc(O)ccc12","30"
"O=C(c1cccc(Cc2n[nH]c(=O)c3ccccc23)c1)N1CCN(c2ncccn2)CC1","100"
"O=C(c1cccc(Cl)c1Cl)N1CCN(c2ccccn2)CC1","150"
"O=C(c1ccccc1)N1CCC2(CCN(Cc3cccc(Cl)c3)CC2)CC1","3"
"O=C(c1ccccc1)N1CCN(Cc2ccccc2)CC1","150"
"O=C(c1csc2c1CCCC2)N1CCCCC1","150"
"O=C1CC2(CCCC2)CC(=O)N1CCCCN1CCN(c2ncccn2)CC1","38.9"
"O=C1CN(/N=C/c2ccc([N+](=O)[O-])o2)C(=O)N1","3"
"O=C1CN=C(c2ccccc2Cl)c2cc([N+](=O)[O-])ccc2N1","3.72"
"O=C1COC2(CCN(S(=O)(=O)c3ccc(-c4ccc5cnccc5c4)cc3)CC2)CN1C1CC1","150"
"O=C1COc2c(CCNCCN(C(=O)CCNCCc3ccc(Cl)c(Cl)c3)C3CCCCC3)ccc(O)c2N1","22"
"O=C1NC(=O)/C(=C/c2ccc3c(c2)OC(F)(F)O3)S1","4.17"
"O=C1NC(=O)C(=CC=Cc2ccccc2)S1","10.47"
"O=C1NC(=O)C(c2cnc3ccccn23)=C1c1cn2c3c(cccc13)CN(C(=O)N1CCOCC1)CC2","38"
"O=C1Nc2ccc(Cl)cc2C(c2ccccc2)=NC1O","8.51"
"O=C1Nc2ccc(Cl)cc2[C@@](C#CC2CC2)(C(F)(F)F)O1","8.51"
"O=C1Nc2ccccc2B(O)N1c1ccccc1","7.94"
"O=C1[C@H]2[C@H]3CC[C@H](C3)[C@H]2C(=O)N1[C@H]1CC[C@H](C(=O)Nc2cccc3cccnc23)CC1","150"
"O=CN(O)CCCP(=O)(O)O","3"
"O=CNc1cc([C@@H](O)CNCCc2ccc(NC[C@H](O)c3ccccc3)cc2)ccc1O","3"
"O=S(=O)(Nc1ccc(C(F)(F)F)cc1)c1ccc2sc(CO)nc2c1","15.49"
"O=S(=O)(Nc1ccc2sc(CO)nc2c1)c1ccc(Br)cc1","24.55"
"O=S(=O)(c1cccc2cnccc12)N1CCCNCC1","150"
"O=S(=O)(c1ccccc1)N1CCN(Cc2ccccc2)CC1","150"
"O=S1(=O)CC(O)C(N2CCC(c3ccccc3)CC2)C1","75.86"
"O=c1[nH]c2c(O)ccc([C@@H](O)CNCCCOCCNCCc3cccc(Cl)c3)c2s1","3"
"O=c1[nH]c2c(O)ccc([C@@H](O)CNCCCOCCOCCc3cccc4ccccc34)c2s1","118"
"O=c1[nH]c2c(O)ccc([C@@H](O)CNCCCSCCNCCc3ccccc3Cl)c2s1","12"
"O=c1[nH]c2c(O)ccc([C@@H](O)CNCCCSCCOCCc3ccccc3)c2s1","113"
"O=c1[nH]c2c(O)ccc([C@@H](O)CNCCOc3cccc(CNCCc4ccccc4F)c3)c2s1","23"
"O=c1[nH]c2c(O)ccc([C@@H](O)CNCCSCCCNCCc3cccc(C(F)(F)F)c3)c2s1","6"
"O=c1[nH]c2c(O)ccc([C@@H](O)CNCCSCCCOCCc3ccccc3)c2s1","150"
"O=c1[nH]c2c(O)ccc([C@@H](O)CNCCc3ccc(CNCCc4ccccc4F)cc3)c2s1","14"
"O=c1[nH]c2c(O)ccc([C@@H](O)CNCCc3ccc(CNCCc4ccccn4)cc3)c2s1","3"
"O=c1[nH]c2c(O)ccc([C@@H](O)CNCCc3cccc(CN4CCC(c5ccccc5)CC4)c3)c2s1","29"
"O=c1[nH]c2c(O)ccc([C@@H](O)CNCCc3cccc(CNCCCc4ccccc4)c3)c2s1","19"
"O=c1[nH]c2c(O)ccc([C@@H](O)CNCCc3cccc(CNCCc4ccccc4Cl)c3)c2s1","42"
"O=c1[nH]c2c(O)ccc([C@@H](O)CNCCc3cccc(CNCc4ccccc4Cl)c3)c2s1","60"
"O=c1[nH]c2c(O)ccc([C@@H](O)CNCCc3ccccc3CNCCc3ccccc3F)c2s1","107"
"O=c1[nH]c2c(O)ccc([C@@H](O)CN[C@H]3CCC[C@@H]3OCc3ccccc3)c2s1","108"
"O=c1[nH]c2cc(Cl)ccc2o1","10.96"
"O=c1c2c3n(c(=O)cc2[nH]n1-c1ccccc1Cl)CCCN(Cc1ccccc1)C3","3"
"O=c1c2ccccc2[nH]n1Cc1c[nH]c2ccccc12","4.37"
"O=c1cc(-c2ccc(Br)cc2)oc2ccccc12","3"
"O=c1cc(-c2cccnc2)[nH]c2cc(C(O)c3ccccc3)ccc12","46"
"O=c1cc(-c2cccnc2)[nH]c2cc(Cc3ccccc3)ccc12","50"
"O=c1cc(N2CCOCC2)nc2n(Cc3cccc(Cl)c3Cl)ccn12","24.55"
"O=c1ccc2ccc(O)cc2o1","123.03"
"O=c1nc(NCc2ccccc2)sn1Cc1ccccc1","19.95"
"OB1c2ccccc2N=C(S)N1c1cccnc1","3"
"OCc1cc(C(O)CNCCCCCCOCCCCc2ccccc2)ccc1O","85"
"Oc1nc2c(O)ccc(CCNCCCCCCOCCc3ccccc3)c2s1","88"
"Oc1nc2c(O)ccc(CCNCCCOCCOCCc3ccccc3)c2s1","144"
"Oc1nc2c(O)ccc(CCNCCOCCCOCCc3ccccc3)c2s1","150"
"Oc1ncnc2c1c(-c1ccccc1)cn2-c1ccc(Br)cc1","52.48"
"[O-][S+](c1ccccc1)c1ccc2nnnn2n1","150"
"c1ccc(CSc2nc3cccnc3[nH]2)cc1","91"
"c1ccc(Nc2[nH]nnc2-c2ccccc2)cc1","111"
"c1ccc(Nc2nc3c(s2)CCCc2n[nH]cc2-3)nc1","36.31"
"c1ccc(Oc2nccc3ccccc23)cc1","150"
"c1ccc([C@H]([C@@H](c2ccccc2)N2CCCCC2)N2CCCCC2)cc1","12.02"
"c1csc(Cn2nnnc2CN2CCN(c3nc4ccccc4s3)CC2)c1","150"
